{"stats":{"minecraft:picked_up":{"minecraft:stripped_oak_log":1,"iceandfire:sapphire_gem":3,"minecraft:crafting_table":3,"minecraft:wheat":6,"minecraft:smithing_table":2,"minecraft:stone_brick_stairs":1,"minecraft:oak_log":10,"paraglider:goddess_statue":2,"minecraft:dirt":1,"minecraft:flint_and_steel":1,"minecraft:bone":8,"minecraft:beetroot":2,"minecraft:bow":1,"minecraft:wheat_seeds":17,"minecraft:iron_ingot":2,"minecraft:grindstone":1,"iceandfire:armor_silver_metal_leggings":1,"minecraft:stone_pickaxe":1,"dynamictrees:oak_seed":2,"minecraft:oak_planks":8,"minecraft:book":63,"minecraft:stick":20,"minecraft:raw_iron":26,"minecraft:torch":2,"minecraft:cherry_log":8,"tombstone:grave_dust":1,"minecraft:blast_furnace":3,"minecraft:carrot":7,"minecraft:cauldron":1,"minecraft:mossy_cobblestone":1,"minecraft:arrow":6,"minecraft:rotten_flesh":1,"minecraft:stone_axe":1,"minecraft:beetroot_seeds":5,"minecraft:hay_block":10,"dynamictrees:cherry_seed":7,"minecraft:glistering_melon_slice":12,"minecraft:emerald":1,"minecraft:coal":387,"minecraft:snowball":492,"iceandfire:raw_silver":25,"minecraft:cobblestone":96},"minecraft:broken":{"minecraft:stone_axe":1,"minecraft:stone_shovel":1},"minecraft:crafted":{"minecraft:oak_planks":44,"minecraft:stone_shovel":1,"iceandfire:silver_ingot":25,"minecraft:crafting_table":1,"minecraft:baked_potato":30,"minecraft:wooden_pickaxe":1,"minecraft:iron_sword":1,"minecraft:stone_axe":1,"minecraft:bread":3,"minecraft:air":0,"minecraft:iron_chestplate":1,"iceandfire:armor_silver_metal_leggings":1,"minecraft:iron_axe":1,"minecraft:stick":18,"minecraft:iron_ingot":16,"minecraft:stone_pickaxe":2,"minecraft:stone_sword":1,"iceandfire:silver_pickaxe":1,"minecraft:torch":96,"minecraft:wheat":90},"minecraft:mined":{"minecraft:smithing_table":2,"iceandfire:silver_ore":25,"minecraft:mossy_cobblestone":1,"minecraft:snow_block":76,"minecraft:oak_fence":7,"minecraft:crafting_table":2,"minecraft:blast_furnace":2,"minecraft:emerald_ore":1,"minecraft:white_stained_glass_pane":3,"iceandfire:sapphire_ore":3,"minecraft:cobblestone":4,"minecraft:grindstone":1,"minecraft:oak_planks":8,"minecraft:cauldron":1,"minecraft:hay_block":11,"minecraft:carrots":2,"minecraft:iron_ore":18,"minecraft:fire":5,"minecraft:wheat":4,"minecraft:snow":50,"dynamictrees:cherry_leaves":1,"minecraft:stone_brick_stairs":1,"minecraft:grass":7,"minecraft:bookshelf":21,"minecraft:oak_log":2,"minecraft:coal_ore":202,"minecraft:beetroots":2,"minecraft:dirt_path":3,"minecraft:gravel":2,"minecraft:dirt":3,"minecraft:stripped_oak_log":1,"minecraft:stone":99,"paraglider:goddess_statue":2},"minecraft:custom":{"minecraft:interact_with_smithing_table":8,"minecraft:interact_with_furnace":6,"minecraft:mob_kills":14,"minecraft:interact_with_crafting_table":19,"minecraft:open_barrel":6,"minecraft:leave_game":2,"minecraft:time_since_death":95245,"minecraft:sleep_in_bed":2,"minecraft:time_since_rest":3909,"minecraft:sprint_one_cm":338717,"minecraft:damage_taken":934,"minecraft:walk_one_cm":102822,"minecraft:drop":27,"minecraft:damage_dealt":2396,"minecraft:swim_one_cm":10332,"minecraft:fly_one_cm":401034,"minecraft:talked_to_villager":2,"minecraft:open_chest":33,"minecraft:play_time":95245,"minecraft:crouch_one_cm":7899,"minecraft:sneak_time":2912,"tombstone:undead_killed":9,"minecraft:walk_under_water_one_cm":994,"minecraft:jump":1829,"minecraft:interact_with_blast_furnace":18,"minecraft:walk_on_water_one_cm":15013,"minecraft:total_world_time":95245,"minecraft:fall_one_cm":58751},"minecraft:used":{"minecraft:stone_sword":21,"minecraft:flint_and_steel":1,"minecraft:oak_planks":1,"minecraft:stone_shovel":130,"minecraft:stone_pickaxe":32,"minecraft:baked_potato":19,"minecraft:wooden_pickaxe":4,"travelersbackpack:dragon":2,"minecraft:torch":79,"minecraft:crafting_table":2,"minecraft:blast_furnace":2,"minecraft:snowball":184,"iceandfire:silver_pickaxe":69,"minecraft:grass_block":4,"minecraft:iron_axe":1,"minecraft:bread":16,"minecraft:fire_charge":1,"minecraft:stone_axe":85,"minecraft:cobblestone":41,"minecraft:smithing_table":1,"minecraft:golden_pickaxe":264},"minecraft:dropped":{"minecraft:bread":5,"minecraft:stone_axe":1,"minecraft:wheat_seeds":1,"dynamictrees:oak_seed":2,"minecraft:cherry_log":8,"minecraft:golden_chestplate":1,"minecraft:crafting_table":1,"minecraft:beetroot":2,"minecraft:rotten_flesh":1,"paraglider:goddess_statue":2,"minecraft:apple":1,"minecraft:flint_and_steel":1,"minecraft:dirt":1,"minecraft:snowball":154,"tombstone:grave_dust":1,"minecraft:arrow":2,"minecraft:stone_pickaxe":2,"minecraft:glistering_melon_slice":12,"minecraft:paper":1,"minecraft:bone":4},"minecraft:killed":{"minecraft:spider":1,"creeperoverhaul:snowy_creeper":1,"minecraft:skeleton":3,"minecraft:zombie":6,"alexsmobs:fly":3}},"DataVersion":3465}