{"stats":{"minecraft:broken":{"minecraft:diamond_helmet":1,"iceandfire:silver_pickaxe":1,"minecraft:stone_axe":1,"minecraft:stone_shovel":1},"minecraft:mined":{"minecraft:dark_oak_planks":1,"minecraft:sculk_vein":10,"minecraft:brewing_stand":2,"minecraft:carved_pumpkin":1,"minecraft:granite":17,"minecraft:grass_block":3,"minecraft:sculk_catalyst":4,"farmersdelight:wild_rice":4,"minecraft:iron_ore":59,"minecraft:fire":13,"minecraft:deepslate_lapis_ore":4,"minecraft:enchanting_table":1,"minecraft:sculk_shrieker":1,"iceandfire:gold_pile":3,"minecraft:dirt_path":4,"minecraft:oak_stairs":1,"minecraft:deepslate_redstone_ore":14,"minecraft:red_bed":2,"minecraft:kelp_plant":4,"minecraft:smoker":2,"minecraft:powder_snow":5,"iceandfire:dragon_ice_spikes":9,"minecraft:torch":11,"minecraft:blast_furnace":2,"minecraft:white_stained_glass_pane":3,"iceandfire:frozen_dirt":3,"iceandfire:sapphire_ore":5,"minecraft:cobblestone":28,"minecraft:grindstone":1,"minecraft:sugar_cane":2,"minecraft:oak_planks":9,"minecraft:wall_torch":8,"minecraft:cauldron":1,"minecraft:pink_petals":2,"minecraft:seagrass":1,"minecraft:wheat":4,"minecraft:pumpkin_stem":1,"minecraft:stone_brick_stairs":1,"minecraft:grass":93,"minecraft:oak_log":2,"minecraft:beetroots":2,"minecraft:sand":17,"minecraft:dirt":15,"minecraft:deepslate":53,"minecraft:emerald_block":12,"minecraft:tuff":4,"iceandfire:silver_ore":52,"minecraft:mossy_cobblestone":2,"farmersdelight:wild_carrots":5,"minecraft:dark_oak_log":1,"minecraft:glow_lichen":1,"minecraft:dark_oak_fence":1,"iceandfire:frozen_stone":1,"iceandfire:frozen_grass":1,"iceandfire:deepslate_silver_ore":9,"minecraft:cartography_table":1,"minecraft:kelp":6,"minecraft:large_fern":5,"minecraft:hay_block":28,"dynamictrees:oak_leaves":3,"minecraft:carrots":2,"minecraft:snow":50,"dynamictrees:cherry_leaves":1,"minecraft:andesite":18,"dynamictrees:spruce_leaves":2,"minecraft:bookshelf":21,"farmersdelight:rope":1,"minecraft:deepslate_iron_ore":66,"minecraft:stripped_oak_log":1,"minecraft:packed_ice":1,"minecraft:stone":358,"minecraft:smithing_table":2,"minecraft:oak_slab":1,"travelersbackpack:dragon":5,"minecraft:snow_block":76,"minecraft:oak_fence":7,"minecraft:crafting_table":3,"minecraft:emerald_ore":5,"minecraft:sculk_sensor":8,"minecraft:tall_grass":29,"minecraft:copper_ore":2,"minecraft:lapis_ore":3,"minecraft:deepslate_gold_ore":26,"minecraft:sculk":14,"minecraft:diorite":1,"minecraft:sweet_berry_bush":4,"minecraft:ice":3,"minecraft:bee_nest":1,"minecraft:coal_ore":283,"iceandfire:silver_pile":56,"minecraft:gravel":4,"minecraft:stone_bricks":1,"minecraft:mossy_stone_bricks":1,"minecraft:gold_ore":11,"minecraft:fern":1,"paraglider:goddess_statue":2},"minecraft:used":{"iceandfire:dragon_skull_ice":2,"minecraft:ladder":2,"minecraft:iron_sword":239,"minecraft:mutton":1,"minecraft:carrot":4,"minecraft:tuff":5,"minecraft:snowball":196,"minecraft:grass_block":5,"minecraft:stone_bricks":1,"minecraft:bow":28,"minecraft:sweet_berries":2,"minecraft:stone_pickaxe":32,"minecraft:oak_planks":1,"minecraft:wooden_pickaxe":4,"travelersbackpack:dragon":4,"minecraft:diamond_axe":26,"minecraft:white_wool":1,"minecraft:blast_furnace":3,"iceandfire:silver_pickaxe":745,"plushies:magma_cube_plushie":1,"minecraft:bread":133,"minecraft:diamond_sword":420,"minecraft:fire_charge":1,"minecraft:grindstone":1,"minecraft:smithing_table":2,"minecraft:oak_boat":1,"minecraft:golden_pickaxe":264,"minecraft:stone_sword":23,"minecraft:flint_and_steel":1,"minecraft:stone_shovel":130,"securitycraft:keypad_door_item":1,"minecraft:torch":346,"minecraft:brewing_stand":1,"minecraft:dirt":4,"minecraft:anvil":1,"farmersdelight:rope":1,"minecraft:iron_axe":35,"tombstone:gift":6,"minecraft:cooked_mutton":2,"securitycraft:reinforced_oak_planks":83,"minecraft:baked_potato":30,"minecraft:fletching_table":2,"minecraft:oak_slab":1,"minecraft:crafting_table":3,"minecraft:red_bed":1,"plushies:axolotl_plushie":1,"minecraft:smoker":1,"minecraft:diamond_pickaxe":152,"tombstone:magic_scroll":2,"minecraft:stone_axe":85,"minecraft:cobblestone":394,"minecraft:cooked_porkchop":2},"minecraft:dropped":{"minecraft:iron_sword":1,"minecraft:lapis_lazuli":18,"minecraft:oak_log":32,"minecraft:ender_pearl":1,"minecraft:crafting_table":1,"iceandfire:frozen_dirt":3,"minecraft:leather":11,"minecraft:saddle":2,"minecraft:dirt":14,"minecraft:dark_oak_log":1,"minecraft:dark_oak_fence":1,"iceandfire:armor_silver_metal_leggings":1,"minecraft:mutton":2,"minecraft:snowball":154,"minecraft:glistering_melon_slice":12,"paraglider:paraglider":1,"minecraft:dark_oak_planks":1,"minecraft:white_wool":2,"minecraft:bone":4,"minecraft:stone_axe":1,"dynamictrees:oak_seed":30,"minecraft:golden_chestplate":1,"minecraft:wheat":3,"minecraft:beetroot":2,"minecraft:rotten_flesh":9,"paraglider:goddess_statue":2,"minecraft:oak_planks":9,"minecraft:azure_bluet":1,"alexsmobs:froststalker_horn":1,"minecraft:tipped_arrow":1,"iceandfire:armor_silver_metal_boots":1,"minecraft:gunpowder":4,"farmersdelight:rope":9,"minecraft:arrow":2,"minecraft:enchanting_table":1,"iceandfire:silver_pickaxe":1,"minecraft:enchanted_book":2,"minecraft:iron_ingot":74,"minecraft:bread":13,"minecraft:wheat_seeds":11,"minecraft:cherry_log":8,"minecraft:mossy_cobblestone":1,"minecraft:diamond_leggings":1,"minecraft:iron_helmet":1,"minecraft:cobblestone":3,"minecraft:book":262,"minecraft:apple":1,"iceandfire:sea_serpent_scales_green":8,"minecraft:grass_block":1,"minecraft:diamond_helmet":1,"tombstone:grave_dust":7,"minecraft:golden_hoe":1,"minecraft:iron_axe":1,"minecraft:paper":6,"minecraft:string":15,"minecraft:pink_petals":8,"iceandfire:dragon_skull_fire":2,"minecraft:spruce_sapling":1,"minecraft:dandelion":4,"minecraft:kelp":3,"minecraft:sweet_berries":8,"minecraft:tuff":3,"iceandfire:dragon_skull_ice":2,"minecraft:flint_and_steel":1,"minecraft:diamond_sword":1,"minecraft:diamond_chestplate":1,"aether:diamond_gloves":1,"minecraft:iron_chestplate":1,"minecraft:diamond_pickaxe":1,"iceandfire:silver_ingot":24,"minecraft:carved_pumpkin":1,"minecraft:spider_eye":3,"minecraft:diamond_boots":1,"minecraft:stone_pickaxe":2,"iceandfire:dragon_skull_lightning":1},"minecraft:custom":{"minecraft:interact_with_crafting_table":36,"minecraft:open_barrel":6,"minecraft:bell_ring":9,"minecraft:leave_game":10,"minecraft:time_since_death":104976,"minecraft:sprint_one_cm":1109334,"minecraft:drop":165,"minecraft:talked_to_villager":119,"minecraft:play_time":418928,"minecraft:deaths":5,"minecraft:jump":10513,"minecraft:walk_on_water_one_cm":65086,"minecraft:interact_with_furnace":17,"minecraft:traded_with_villager":885,"minecraft:interact_with_cartography_table":2,"minecraft:sleep_in_bed":8,"minecraft:damage_dealt":34703,"minecraft:crouch_one_cm":48141,"tombstone:undead_killed":64,"minecraft:interact_with_smoker":6,"minecraft:horse_one_cm":37711,"minecraft:interact_with_smithing_table":11,"minecraft:mob_kills":124,"minecraft:interact_with_anvil":7,"minecraft:climb_one_cm":2791,"minecraft:walk_one_cm":457891,"minecraft:sneak_time":19073,"minecraft:walk_under_water_one_cm":27356,"minecraft:boat_one_cm":599799,"minecraft:interact_with_blast_furnace":56,"minecraft:total_world_time":418928,"tombstone:raider_killed":2,"minecraft:interact_with_grindstone":2,"minecraft:time_since_rest":104589,"minecraft:damage_taken":10305,"minecraft:swim_one_cm":82550,"minecraft:fly_one_cm":2032893,"minecraft:open_chest":114,"minecraft:fall_one_cm":301481},"minecraft:crafted":{"minecraft:oak_planks":184,"minecraft:cooked_mutton":3,"securitycraft:laser_block":1,"minecraft:glass":8,"minecraft:diamond_helmet":1,"minecraft:diamond_leggings":1,"minecraft:bow":4,"iceandfire:armor_silver_metal_leggings":1,"minecraft:cooked_rabbit":2,"minecraft:emerald":955,"minecraft:cooked_porkchop":8,"minecraft:diamond_axe":2,"minecraft:crafting_table":2,"minecraft:wooden_pickaxe":1,"minecraft:baked_potato":30,"minecraft:iron_chestplate":2,"minecraft:diamond_pickaxe":4,"minecraft:stick":22,"minecraft:iron_ingot":122,"minecraft:stone_sword":1,"minecraft:gold_ingot":36,"securitycraft:universal_block_reinforcer_lvl1":1,"minecraft:stone_shovel":1,"minecraft:glass_pane":16,"minecraft:iron_axe":1,"minecraft:stone_pickaxe":2,"minecraft:diamond_boots":1,"minecraft:redstone_block":1,"minecraft:wheat":243,"minecraft:diamond_sword":2,"iceandfire:silver_ingot":60,"minecraft:iron_sword":13,"minecraft:stone_axe":1,"minecraft:bread":54,"minecraft:air":0,"minecraft:torch":344,"iceandfire:silver_pickaxe":2,"minecraft:diamond_chestplate":1},"minecraft:picked_up":{"minecraft:iron_chestplate":1,"minecraft:wheat":9,"travelersbackpack:dragon":5,"minecraft:smithing_table":2,"minecraft:oak_stairs":1,"minecraft:stone_brick_stairs":1,"minecraft:brewing_stand":2,"securitycraft:reinforced_oak_planks":160,"paraglider:goddess_statue":2,"minecraft:string":15,"minecraft:beetroot":2,"minecraft:gold_nugget":64,"minecraft:cobbled_deepslate":52,"dynamictrees:oak_seed":30,"minecraft:tipped_arrow":1,"minecraft:stick":128,"minecraft:torch":20,"minecraft:porkchop":8,"minecraft:cherry_log":8,"tombstone:grave_dust":6,"minecraft:cauldron":1,"iceandfire:armor_silver_metal_boots":1,"minecraft:rotten_flesh":31,"iceandfire:fire_dragon_heart":2,"minecraft:carved_pumpkin":1,"farmersdelight:rope":1,"minecraft:snowball":492,"alexsmobs:flying_fish":1,"minecraft:cobblestone":385,"paraglider:paraglider":3,"minecraft:pink_petals":8,"iceandfire:sapphire_gem":5,"farmersdelight:rice":4,"minecraft:andesite":18,"minecraft:smoker":2,"minecraft:potato":1,"minecraft:flint":2,"minecraft:tuff":8,"minecraft:lapis_lazuli":32,"minecraft:dirt":41,"minecraft:bone":22,"minecraft:bow":2,"minecraft:wheat_seeds":37,"minecraft:raw_gold":36,"minecraft:grindstone":1,"minecraft:rabbit":2,"minecraft:oak_planks":169,"minecraft:cooked_porkchop":4,"iceandfire:dragon_skull_fire":2,"minecraft:sand":16,"minecraft:grass_block":2,"minecraft:dark_oak_log":1,"iceandfire:frozen_dirt":3,"minecraft:mossy_cobblestone":2,"minecraft:granite":1,"minecraft:white_concrete":2,"minecraft:emerald":8,"minecraft:bread":18,"iceandfire:silver_nugget":472,"minecraft:dark_oak_fence":1,"iceandfire:raw_silver":60,"iceandfire:dragon_skull_lightning":1,"minecraft:crafting_table":4,"minecraft:azure_bluet":1,"minecraft:stone_brick_wall":3,"alexsmobs:froststalker_horn":3,"minecraft:red_bed":1,"iceandfire:frozen_stone":1,"minecraft:flint_and_steel":1,"iceandfire:armor_silver_metal_leggings":2,"minecraft:oak_boat":1,"minecraft:poppy":2,"minecraft:raw_iron":132,"iceandfire:dragonscales_green":13,"iceandfire:dragonbone":62,"iceandfire:dragonscales_gray":23,"minecraft:carrot":12,"minecraft:redstone":58,"minecraft:dark_oak_planks":1,"iceandfire:dragon_skull_ice":5,"minecraft:arrow":24,"minecraft:golden_hoe":1,"minecraft:beetroot_seeds":5,"minecraft:hay_block":27,"minecraft:glistering_melon_slice":12,"minecraft:mutton":6,"minecraft:white_wool":3,"minecraft:stripped_oak_log":1,"iceandfire:sea_serpent_fang":11,"minecraft:leather":2,"minecraft:oak_log":102,"minecraft:gunpowder":4,"minecraft:paper":5,"minecraft:stone_bricks":1,"minecraft:kelp":19,"minecraft:rabbit_hide":2,"minecraft:iron_ingot":10,"minecraft:stone_pickaxe":1,"iceandfire:fire_dragon_flesh":6,"minecraft:book":69,"minecraft:oak_slab":1,"minecraft:emerald_block":11,"minecraft:sweet_berries":9,"iceandfire:sea_serpent_scales_green":8,"minecraft:dandelion":4,"minecraft:spruce_sapling":1,"minecraft:blast_furnace":3,"minecraft:spider_eye":3,"minecraft:stone_axe":1,"minecraft:iron_helmet":1,"dynamictrees:cherry_seed":7,"tombstone:magic_scroll":2,"minecraft:coal":839,"minecraft:ender_pearl":1},"minecraft:killed":{"minecraft:spider":19,"alexsmobs:froststalker":2,"minecraft:skeleton":21,"alexsmobs:orca":1,"minecraft:pig":2,"minecraft:iron_golem":4,"minecraft:creeper":3,"minecraft:pillager":2,"minecraft:zombie":40,"minecraft:stray":2,"alexsmobs:fly":4,"cave_dweller:cave_dweller":1,"minecraft:cow":1,"iceandfire:sea_serpent":4,"alexsmobs:tiger":1,"creeperoverhaul:snowy_creeper":5,"iceandfire:fire_dragon":2,"alexsmobs:tusklin":1,"iceandfire:ghost":1,"iceandfire:ice_dragon":1,"minecraft:enderman":1}},"DataVersion":3465}