{"stats":{"minecraft:custom":{"minecraft:jump":97,"minecraft:time_since_rest":4517,"minecraft:crouch_one_cm":14,"minecraft:damage_dealt":6,"minecraft:walk_on_water_one_cm":129,"minecraft:sprint_one_cm":10052,"minecraft:play_time":4517,"minecraft:damage_taken":20,"minecraft:time_since_death":4517,"minecraft:walk_one_cm":2531,"minecraft:sneak_time":11,"minecraft:total_world_time":4517,"minecraft:fall_one_cm":3295,"minecraft:fly_one_cm":24014},"minecraft:picked_up":{"minecraft:wheat":1}},"DataVersion":3465}