{"stats":{"minecraft:dropped":{"minecraft:enchanted_book":2,"minecraft:bread":13,"minecraft:iron_sword":1,"minecraft:wheat_seeds":1,"minecraft:cherry_log":8,"minecraft:oak_log":23,"minecraft:crafting_table":1,"minecraft:diamond_leggings":1,"minecraft:iron_helmet":1,"minecraft:apple":1,"minecraft:dirt":1,"iceandfire:armor_silver_metal_leggings":1,"minecraft:diamond_helmet":1,"minecraft:snowball":154,"tombstone:grave_dust":5,"minecraft:glistering_melon_slice":12,"minecraft:paper":1,"minecraft:string":8,"minecraft:pink_petals":8,"minecraft:bone":4,"minecraft:stone_axe":1,"dynamictrees:oak_seed":2,"minecraft:golden_chestplate":1,"minecraft:tuff":3,"minecraft:beetroot":2,"paraglider:goddess_statue":2,"minecraft:rotten_flesh":5,"minecraft:oak_planks":9,"minecraft:flint_and_steel":1,"minecraft:diamond_sword":1,"iceandfire:armor_silver_metal_boots":1,"minecraft:gunpowder":4,"minecraft:diamond_chestplate":1,"aether:diamond_gloves":1,"minecraft:iron_chestplate":1,"minecraft:diamond_pickaxe":1,"minecraft:diamond_boots":1,"minecraft:stone_pickaxe":2,"minecraft:arrow":2},"minecraft:killed":{"minecraft:spider":8,"creeperoverhaul:snowy_creeper":2,"minecraft:skeleton":17,"minecraft:pig":1,"minecraft:iron_golem":4,"minecraft:creeper":2,"minecraft:zombie":27,"alexsmobs:fly":3,"cave_dweller:cave_dweller":1},"minecraft:used":{"minecraft:stone_sword":23,"minecraft:flint_and_steel":1,"minecraft:stone_shovel":130,"minecraft:ladder":2,"minecraft:iron_sword":239,"securitycraft:keypad_door_item":1,"minecraft:torch":344,"minecraft:anvil":1,"minecraft:carrot":4,"minecraft:tuff":5,"minecraft:snowball":184,"farmersdelight:rope":1,"minecraft:iron_axe":35,"minecraft:grass_block":4,"minecraft:stone_bricks":1,"minecraft:bow":8,"tombstone:gift":6,"securitycraft:reinforced_oak_planks":83,"minecraft:baked_potato":30,"minecraft:oak_planks":1,"minecraft:stone_pickaxe":32,"minecraft:wooden_pickaxe":4,"travelersbackpack:dragon":4,"minecraft:diamond_axe":4,"minecraft:fletching_table":2,"minecraft:oak_slab":1,"minecraft:red_bed":1,"minecraft:crafting_table":3,"minecraft:blast_furnace":3,"plushies:axolotl_plushie":1,"iceandfire:silver_pickaxe":745,"minecraft:diamond_pickaxe":31,"plushies:magma_cube_plushie":1,"minecraft:bread":73,"tombstone:magic_scroll":1,"minecraft:stone_axe":85,"minecraft:diamond_sword":16,"minecraft:fire_charge":1,"minecraft:cobblestone":370,"minecraft:grindstone":1,"minecraft:cooked_porkchop":2,"minecraft:smithing_table":2,"minecraft:golden_pickaxe":264},"minecraft:crafted":{"minecraft:oak_planks":184,"minecraft:stone_shovel":1,"minecraft:glass_pane":16,"securitycraft:laser_block":1,"minecraft:glass":8,"minecraft:diamond_helmet":1,"minecraft:bow":4,"minecraft:diamond_leggings":1,"iceandfire:armor_silver_metal_leggings":1,"minecraft:iron_axe":1,"minecraft:stone_pickaxe":2,"minecraft:diamond_boots":1,"minecraft:redstone_block":1,"minecraft:wheat":243,"minecraft:diamond_sword":2,"minecraft:emerald":856,"iceandfire:silver_ingot":60,"minecraft:cooked_porkchop":2,"minecraft:diamond_axe":2,"minecraft:crafting_table":2,"minecraft:wooden_pickaxe":1,"minecraft:baked_potato":30,"minecraft:iron_sword":13,"minecraft:stone_axe":1,"minecraft:bread":54,"minecraft:air":0,"minecraft:iron_chestplate":2,"minecraft:diamond_pickaxe":4,"minecraft:stick":22,"minecraft:iron_ingot":122,"minecraft:stone_sword":1,"minecraft:gold_ingot":36,"iceandfire:silver_pickaxe":2,"minecraft:torch":344,"minecraft:diamond_chestplate":1,"securitycraft:universal_block_reinforcer_lvl1":1},"minecraft:mined":{"minecraft:tuff":4,"iceandfire:silver_ore":52,"minecraft:mossy_cobblestone":1,"minecraft:sculk_vein":10,"farmersdelight:wild_carrots":5,"minecraft:glow_lichen":1,"minecraft:granite":17,"minecraft:grass_block":1,"iceandfire:deepslate_silver_ore":9,"minecraft:cartography_table":1,"minecraft:hay_block":28,"minecraft:sculk_catalyst":4,"minecraft:carrots":2,"minecraft:iron_ore":59,"minecraft:fire":5,"minecraft:snow":50,"dynamictrees:cherry_leaves":1,"minecraft:andesite":18,"minecraft:deepslate_lapis_ore":4,"minecraft:sculk_shrieker":1,"minecraft:bookshelf":21,"farmersdelight:rope":1,"minecraft:deepslate_iron_ore":66,"minecraft:dirt_path":3,"minecraft:oak_stairs":1,"minecraft:stripped_oak_log":1,"minecraft:stone":344,"minecraft:smithing_table":2,"minecraft:deepslate_redstone_ore":14,"minecraft:oak_slab":1,"minecraft:red_bed":2,"travelersbackpack:dragon":3,"minecraft:snow_block":76,"minecraft:oak_fence":7,"minecraft:crafting_table":3,"minecraft:torch":11,"minecraft:blast_furnace":2,"minecraft:emerald_ore":5,"minecraft:white_stained_glass_pane":3,"minecraft:sculk_sensor":8,"iceandfire:sapphire_ore":5,"minecraft:copper_ore":2,"minecraft:tall_grass":4,"minecraft:cobblestone":21,"minecraft:lapis_ore":3,"minecraft:deepslate_gold_ore":26,"minecraft:grindstone":1,"minecraft:oak_planks":9,"minecraft:sculk":14,"minecraft:diorite":1,"minecraft:wall_torch":8,"minecraft:cauldron":1,"minecraft:pink_petals":2,"minecraft:wheat":4,"minecraft:bee_nest":1,"minecraft:stone_brick_stairs":1,"minecraft:grass":11,"minecraft:oak_log":2,"minecraft:coal_ore":283,"minecraft:beetroots":2,"minecraft:gravel":2,"minecraft:sand":17,"minecraft:dirt":14,"minecraft:stone_bricks":1,"minecraft:gold_ore":11,"minecraft:deepslate":53,"paraglider:goddess_statue":2},"minecraft:broken":{"iceandfire:silver_pickaxe":1,"minecraft:stone_axe":1,"minecraft:stone_shovel":1},"minecraft:custom":{"minecraft:interact_with_smithing_table":11,"minecraft:interact_with_anvil":7,"minecraft:mob_kills":70,"minecraft:interact_with_crafting_table":36,"minecraft:open_barrel":6,"minecraft:leave_game":5,"minecraft:time_since_death":120784,"minecraft:climb_one_cm":2511,"minecraft:sprint_one_cm":814194,"minecraft:walk_one_cm":329374,"minecraft:drop":67,"minecraft:talked_to_villager":114,"minecraft:play_time":267702,"minecraft:sneak_time":17692,"minecraft:deaths":3,"minecraft:walk_under_water_one_cm":7090,"minecraft:jump":5534,"minecraft:interact_with_blast_furnace":56,"minecraft:walk_on_water_one_cm":41717,"minecraft:total_world_time":267702,"minecraft:interact_with_furnace":17,"minecraft:traded_with_villager":885,"minecraft:interact_with_cartography_table":2,"minecraft:sleep_in_bed":7,"minecraft:time_since_rest":31749,"minecraft:damage_taken":4616,"minecraft:damage_dealt":16270,"minecraft:swim_one_cm":22365,"minecraft:fly_one_cm":1034000,"minecraft:open_chest":84,"minecraft:crouch_one_cm":45061,"tombstone:undead_killed":44,"minecraft:fall_one_cm":194099,"minecraft:horse_one_cm":37711},"minecraft:picked_up":{"minecraft:iron_chestplate":1,"minecraft:crafting_table":4,"minecraft:wheat":6,"travelersbackpack:dragon":3,"minecraft:smithing_table":2,"minecraft:oak_stairs":1,"minecraft:stone_brick_wall":3,"minecraft:stone_brick_stairs":1,"securitycraft:reinforced_oak_planks":160,"minecraft:red_bed":1,"paraglider:goddess_statue":2,"minecraft:string":8,"minecraft:flint_and_steel":1,"minecraft:beetroot":2,"minecraft:cobbled_deepslate":52,"iceandfire:armor_silver_metal_leggings":2,"dynamictrees:oak_seed":26,"minecraft:poppy":1,"minecraft:stick":117,"minecraft:raw_iron":132,"minecraft:torch":20,"minecraft:porkchop":2,"minecraft:cherry_log":8,"tombstone:grave_dust":4,"minecraft:carrot":12,"minecraft:redstone":58,"minecraft:cauldron":1,"iceandfire:armor_silver_metal_boots":1,"minecraft:arrow":15,"minecraft:rotten_flesh":25,"minecraft:beetroot_seeds":5,"minecraft:hay_block":27,"farmersdelight:rope":1,"minecraft:glistering_melon_slice":12,"minecraft:snowball":492,"minecraft:cobblestone":370,"minecraft:stripped_oak_log":1,"minecraft:pink_petals":8,"iceandfire:sapphire_gem":5,"minecraft:andesite":18,"minecraft:tuff":8,"minecraft:oak_log":102,"minecraft:gunpowder":4,"minecraft:lapis_lazuli":32,"minecraft:dirt":24,"minecraft:bone":15,"minecraft:stone_bricks":1,"minecraft:bow":2,"minecraft:wheat_seeds":17,"minecraft:raw_gold":36,"minecraft:grindstone":1,"minecraft:iron_ingot":10,"minecraft:stone_pickaxe":1,"minecraft:oak_planks":169,"minecraft:book":63,"minecraft:oak_slab":1,"minecraft:sand":16,"minecraft:blast_furnace":3,"minecraft:mossy_cobblestone":1,"minecraft:stone_axe":1,"minecraft:iron_helmet":1,"minecraft:granite":1,"dynamictrees:cherry_seed":7,"minecraft:emerald":5,"tombstone:magic_scroll":1,"minecraft:coal":716,"iceandfire:raw_silver":60}},"DataVersion":3465}