{"stats":{"minecraft:picked_up":{"minecraft:stripped_oak_log":1,"minecraft:wheat":6,"minecraft:smithing_table":2,"minecraft:stone_brick_stairs":1,"minecraft:oak_log":10,"paraglider:goddess_statue":2,"minecraft:dirt":1,"minecraft:bone":2,"minecraft:beetroot":2,"minecraft:bow":1,"minecraft:wheat_seeds":17,"minecraft:grindstone":1,"dynamictrees:oak_seed":2,"minecraft:oak_planks":8,"minecraft:book":63,"minecraft:stick":20,"minecraft:cherry_log":8,"minecraft:blast_furnace":1,"minecraft:carrot":7,"minecraft:cauldron":1,"minecraft:mossy_cobblestone":1,"minecraft:arrow":4,"minecraft:beetroot_seeds":5,"minecraft:stone_axe":1,"minecraft:hay_block":10,"dynamictrees:cherry_seed":7,"minecraft:coal":6,"minecraft:snowball":338,"minecraft:cobblestone":16},"minecraft:broken":{"minecraft:stone_shovel":1},"minecraft:crafted":{"minecraft:oak_planks":12,"minecraft:stone_shovel":1,"minecraft:wooden_pickaxe":1,"minecraft:baked_potato":30,"minecraft:stone_axe":1,"minecraft:bread":3,"minecraft:air":0,"minecraft:stick":10,"minecraft:stone_pickaxe":1,"minecraft:stone_sword":1,"minecraft:torch":4,"minecraft:wheat":90},"minecraft:mined":{"minecraft:smithing_table":2,"minecraft:mossy_cobblestone":1,"minecraft:snow_block":76,"minecraft:oak_fence":7,"minecraft:blast_furnace":1,"minecraft:white_stained_glass_pane":3,"minecraft:cobblestone":4,"minecraft:grindstone":1,"minecraft:oak_planks":8,"minecraft:cauldron":1,"minecraft:hay_block":11,"minecraft:carrots":2,"minecraft:fire":5,"minecraft:wheat":4,"minecraft:snow":50,"dynamictrees:cherry_leaves":1,"minecraft:stone_brick_stairs":1,"minecraft:grass":7,"minecraft:bookshelf":21,"minecraft:coal_ore":6,"minecraft:oak_log":2,"minecraft:beetroots":2,"minecraft:dirt_path":3,"minecraft:dirt":1,"minecraft:stripped_oak_log":1,"minecraft:stone":12,"paraglider:goddess_statue":2},"minecraft:custom":{"minecraft:interact_with_smithing_table":2,"minecraft:interact_with_furnace":6,"minecraft:mob_kills":6,"minecraft:interact_with_crafting_table":9,"minecraft:open_barrel":6,"minecraft:leave_game":1,"minecraft:time_since_death":50353,"minecraft:sleep_in_bed":1,"minecraft:time_since_rest":10067,"minecraft:sprint_one_cm":206072,"minecraft:damage_taken":528,"minecraft:walk_one_cm":59571,"minecraft:drop":14,"minecraft:damage_dealt":750,"minecraft:talked_to_villager":2,"minecraft:fly_one_cm":240024,"minecraft:open_chest":31,"minecraft:crouch_one_cm":3321,"minecraft:play_time":50353,"tombstone:undead_killed":2,"minecraft:sneak_time":1119,"minecraft:jump":1069,"minecraft:walk_on_water_one_cm":2781,"minecraft:total_world_time":50353,"minecraft:fall_one_cm":39948},"minecraft:used":{"minecraft:stone_sword":20,"minecraft:stone_shovel":130,"minecraft:stone_pickaxe":25,"minecraft:oak_planks":1,"minecraft:baked_potato":11,"minecraft:wooden_pickaxe":4,"minecraft:snowball":184,"minecraft:bread":11,"minecraft:fire_charge":1,"minecraft:stone_axe":42,"minecraft:golden_pickaxe":5},"minecraft:dropped":{"minecraft:bread":5,"minecraft:stone_axe":1,"minecraft:wheat_seeds":1,"dynamictrees:oak_seed":2,"minecraft:cherry_log":8,"minecraft:beetroot":2,"minecraft:apple":1,"minecraft:dirt":1,"minecraft:paper":1},"minecraft:killed":{"creeperoverhaul:snowy_creeper":1,"minecraft:skeleton":1,"minecraft:zombie":1,"alexsmobs:fly":3}},"DataVersion":3465}