{"stats":{"minecraft:picked_up":{"minecraft:stripped_oak_log":1,"minecraft:crafting_table":1,"minecraft:wheat":6,"minecraft:smithing_table":2,"minecraft:stone_brick_stairs":1,"minecraft:oak_log":10,"paraglider:goddess_statue":2,"minecraft:dirt":1,"minecraft:bone":6,"minecraft:beetroot":2,"minecraft:bow":1,"minecraft:wheat_seeds":17,"minecraft:grindstone":1,"dynamictrees:oak_seed":2,"minecraft:oak_planks":8,"minecraft:book":63,"minecraft:raw_iron":15,"minecraft:stick":20,"minecraft:torch":1,"minecraft:cherry_log":8,"minecraft:blast_furnace":1,"minecraft:carrot":7,"minecraft:mossy_cobblestone":1,"minecraft:cauldron":1,"minecraft:arrow":6,"minecraft:stone_axe":1,"minecraft:beetroot_seeds":5,"minecraft:hay_block":10,"dynamictrees:cherry_seed":7,"minecraft:emerald":1,"iceandfire:raw_silver":4,"minecraft:cobblestone":66,"minecraft:coal":153,"minecraft:snowball":338},"minecraft:broken":{"minecraft:stone_shovel":1},"minecraft:crafted":{"minecraft:oak_planks":44,"minecraft:stone_shovel":1,"iceandfire:silver_ingot":3,"minecraft:crafting_table":1,"minecraft:wooden_pickaxe":1,"minecraft:baked_potato":30,"minecraft:stone_axe":1,"minecraft:bread":3,"minecraft:air":0,"minecraft:stick":10,"minecraft:stone_pickaxe":2,"minecraft:stone_sword":1,"iceandfire:silver_pickaxe":1,"minecraft:torch":76,"minecraft:wheat":90},"minecraft:mined":{"minecraft:smithing_table":2,"iceandfire:silver_ore":4,"minecraft:mossy_cobblestone":1,"minecraft:snow_block":76,"minecraft:crafting_table":1,"minecraft:oak_fence":7,"minecraft:blast_furnace":1,"minecraft:emerald_ore":1,"minecraft:white_stained_glass_pane":3,"minecraft:cobblestone":4,"minecraft:grindstone":1,"minecraft:oak_planks":8,"minecraft:cauldron":1,"minecraft:hay_block":11,"minecraft:carrots":2,"minecraft:iron_ore":15,"minecraft:wheat":4,"minecraft:fire":5,"minecraft:snow":50,"dynamictrees:cherry_leaves":1,"minecraft:stone_brick_stairs":1,"minecraft:grass":7,"minecraft:bookshelf":21,"minecraft:oak_log":2,"minecraft:coal_ore":153,"minecraft:beetroots":2,"minecraft:dirt_path":3,"minecraft:dirt":2,"minecraft:stripped_oak_log":1,"minecraft:stone":67,"paraglider:goddess_statue":2},"minecraft:custom":{"minecraft:interact_with_smithing_table":2,"minecraft:interact_with_furnace":6,"minecraft:mob_kills":8,"minecraft:interact_with_crafting_table":13,"minecraft:open_barrel":6,"minecraft:leave_game":1,"minecraft:time_since_death":68061,"minecraft:sleep_in_bed":1,"minecraft:time_since_rest":27775,"minecraft:sprint_one_cm":276732,"minecraft:damage_taken":632,"minecraft:walk_one_cm":80671,"minecraft:drop":19,"minecraft:damage_dealt":1167,"minecraft:swim_one_cm":9800,"minecraft:talked_to_villager":2,"minecraft:fly_one_cm":274911,"minecraft:open_chest":31,"minecraft:crouch_one_cm":6402,"minecraft:play_time":68061,"tombstone:undead_killed":4,"minecraft:sneak_time":2126,"minecraft:walk_under_water_one_cm":841,"minecraft:jump":1342,"minecraft:interact_with_blast_furnace":4,"minecraft:walk_on_water_one_cm":10959,"minecraft:total_world_time":68061,"minecraft:fall_one_cm":47219},"minecraft:used":{"minecraft:stone_sword":21,"minecraft:stone_shovel":130,"minecraft:stone_pickaxe":32,"minecraft:oak_planks":1,"minecraft:baked_potato":15,"minecraft:wooden_pickaxe":4,"minecraft:torch":39,"minecraft:crafting_table":2,"minecraft:blast_furnace":1,"minecraft:snowball":184,"iceandfire:silver_pickaxe":26,"minecraft:bread":12,"minecraft:stone_axe":53,"minecraft:fire_charge":1,"minecraft:cobblestone":28,"minecraft:golden_pickaxe":196},"minecraft:dropped":{"minecraft:bread":5,"minecraft:stone_axe":1,"minecraft:wheat_seeds":1,"dynamictrees:oak_seed":2,"minecraft:cherry_log":8,"minecraft:beetroot":2,"paraglider:goddess_statue":2,"minecraft:apple":1,"minecraft:dirt":1,"minecraft:arrow":2,"minecraft:stone_pickaxe":1,"minecraft:paper":1,"minecraft:bone":4},"minecraft:killed":{"creeperoverhaul:snowy_creeper":1,"minecraft:skeleton":2,"minecraft:zombie":2,"alexsmobs:fly":3}},"DataVersion":3465}