{"stats":{"minecraft:used":{"minecraft:stone_sword":21,"minecraft:flint_and_steel":1,"minecraft:stone_shovel":130,"minecraft:iron_sword":197,"minecraft:torch":278,"minecraft:tuff":5,"minecraft:snowball":184,"minecraft:grass_block":4,"minecraft:iron_axe":32,"minecraft:stone_bricks":1,"tombstone:gift":2,"minecraft:stone_pickaxe":32,"minecraft:baked_potato":30,"minecraft:oak_planks":1,"minecraft:wooden_pickaxe":4,"travelersbackpack:dragon":4,"minecraft:crafting_table":3,"minecraft:blast_furnace":2,"plushies:axolotl_plushie":1,"iceandfire:silver_pickaxe":563,"plushies:magma_cube_plushie":1,"minecraft:bread":54,"tombstone:magic_scroll":1,"minecraft:stone_axe":85,"minecraft:fire_charge":1,"minecraft:cobblestone":262,"minecraft:smithing_table":1,"minecraft:golden_pickaxe":264},"minecraft:picked_up":{"minecraft:crafting_table":4,"minecraft:wheat":6,"travelersbackpack:dragon":3,"minecraft:smithing_table":2,"minecraft:stone_brick_wall":3,"minecraft:stone_brick_stairs":1,"paraglider:goddess_statue":2,"minecraft:string":8,"minecraft:flint_and_steel":1,"minecraft:beetroot":2,"minecraft:cobbled_deepslate":32,"iceandfire:armor_silver_metal_leggings":1,"dynamictrees:oak_seed":25,"minecraft:stick":117,"minecraft:raw_iron":94,"minecraft:torch":15,"minecraft:porkchop":2,"minecraft:cherry_log":8,"tombstone:grave_dust":3,"minecraft:carrot":12,"minecraft:redstone":22,"minecraft:cauldron":1,"minecraft:arrow":15,"minecraft:rotten_flesh":19,"minecraft:beetroot_seeds":5,"minecraft:hay_block":23,"minecraft:glistering_melon_slice":12,"minecraft:snowball":492,"minecraft:cobblestone":334,"minecraft:stripped_oak_log":1,"minecraft:pink_petals":8,"iceandfire:sapphire_gem":5,"minecraft:andesite":1,"minecraft:tuff":5,"minecraft:oak_log":102,"minecraft:gunpowder":2,"minecraft:lapis_lazuli":17,"minecraft:dirt":23,"minecraft:bone":15,"minecraft:stone_bricks":1,"minecraft:bow":2,"minecraft:wheat_seeds":17,"minecraft:raw_gold":6,"minecraft:stone_pickaxe":1,"minecraft:grindstone":1,"minecraft:iron_ingot":7,"minecraft:oak_planks":8,"minecraft:book":63,"minecraft:blast_furnace":3,"minecraft:mossy_cobblestone":1,"minecraft:stone_axe":1,"dynamictrees:cherry_seed":7,"minecraft:emerald":5,"tombstone:magic_scroll":1,"minecraft:coal":467,"iceandfire:raw_silver":55},"minecraft:broken":{"iceandfire:silver_pickaxe":1,"minecraft:stone_axe":1,"minecraft:stone_shovel":1},"minecraft:mined":{"iceandfire:silver_ore":52,"minecraft:mossy_cobblestone":1,"minecraft:sculk_vein":2,"farmersdelight:wild_carrots":5,"minecraft:glow_lichen":1,"minecraft:granite":7,"iceandfire:deepslate_silver_ore":4,"minecraft:hay_block":24,"minecraft:carrots":2,"minecraft:iron_ore":56,"minecraft:fire":5,"minecraft:snow":50,"dynamictrees:cherry_leaves":1,"minecraft:andesite":1,"minecraft:deepslate_lapis_ore":2,"minecraft:bookshelf":21,"minecraft:deepslate_iron_ore":32,"minecraft:dirt_path":3,"minecraft:stripped_oak_log":1,"minecraft:stone":310,"minecraft:smithing_table":2,"minecraft:deepslate_redstone_ore":5,"travelersbackpack:dragon":3,"minecraft:snow_block":76,"minecraft:oak_fence":7,"minecraft:crafting_table":3,"minecraft:torch":8,"minecraft:blast_furnace":2,"minecraft:emerald_ore":5,"minecraft:white_stained_glass_pane":3,"iceandfire:sapphire_ore":5,"minecraft:tall_grass":3,"minecraft:cobblestone":18,"minecraft:lapis_ore":1,"minecraft:grindstone":1,"minecraft:oak_planks":8,"minecraft:diorite":1,"minecraft:wall_torch":7,"minecraft:cauldron":1,"minecraft:pink_petals":2,"minecraft:wheat":4,"minecraft:bee_nest":1,"minecraft:stone_brick_stairs":1,"minecraft:grass":9,"minecraft:oak_log":2,"minecraft:coal_ore":283,"minecraft:beetroots":2,"minecraft:gravel":2,"minecraft:dirt":14,"minecraft:stone_bricks":1,"minecraft:gold_ore":6,"minecraft:deepslate":32,"paraglider:goddess_statue":2},"minecraft:crafted":{"minecraft:oak_planks":44,"minecraft:stone_shovel":1,"iceandfire:armor_silver_metal_leggings":1,"minecraft:iron_axe":1,"minecraft:stone_pickaxe":2,"minecraft:wheat":207,"iceandfire:silver_ingot":25,"minecraft:crafting_table":2,"minecraft:wooden_pickaxe":1,"minecraft:baked_potato":30,"minecraft:iron_sword":1,"minecraft:stone_axe":1,"minecraft:bread":3,"minecraft:air":0,"minecraft:iron_chestplate":1,"minecraft:stick":18,"minecraft:iron_ingot":16,"minecraft:stone_sword":1,"minecraft:torch":272,"iceandfire:silver_pickaxe":2},"minecraft:killed":{"minecraft:spider":8,"creeperoverhaul:snowy_creeper":2,"minecraft:skeleton":17,"minecraft:pig":1,"minecraft:iron_golem":1,"minecraft:creeper":2,"minecraft:zombie":27,"alexsmobs:fly":3},"minecraft:custom":{"minecraft:interact_with_smithing_table":8,"minecraft:mob_kills":64,"minecraft:interact_with_crafting_table":22,"minecraft:open_barrel":6,"minecraft:leave_game":4,"minecraft:time_since_death":26514,"minecraft:climb_one_cm":197,"minecraft:sprint_one_cm":559699,"minecraft:walk_one_cm":209566,"minecraft:drop":34,"minecraft:talked_to_villager":5,"minecraft:play_time":173432,"minecraft:deaths":3,"minecraft:sneak_time":11138,"minecraft:walk_under_water_one_cm":4911,"minecraft:jump":3648,"minecraft:interact_with_blast_furnace":18,"minecraft:walk_on_water_one_cm":29960,"minecraft:total_world_time":173432,"minecraft:interact_with_furnace":6,"minecraft:interact_with_cartography_table":2,"minecraft:sleep_in_bed":2,"minecraft:time_since_rest":26350,"minecraft:damage_taken":3794,"minecraft:damage_dealt":12769,"minecraft:swim_one_cm":17116,"minecraft:fly_one_cm":691108,"minecraft:open_chest":47,"minecraft:crouch_one_cm":25482,"tombstone:undead_killed":44,"minecraft:fall_one_cm":131204},"minecraft:dropped":{"minecraft:enchanted_book":1,"minecraft:bread":5,"minecraft:wheat_seeds":1,"minecraft:cherry_log":8,"minecraft:crafting_table":1,"minecraft:apple":1,"minecraft:dirt":1,"minecraft:snowball":154,"tombstone:grave_dust":3,"minecraft:glistering_melon_slice":12,"minecraft:paper":1,"minecraft:pink_petals":8,"minecraft:bone":4,"minecraft:stone_axe":1,"dynamictrees:oak_seed":2,"minecraft:golden_chestplate":1,"minecraft:beetroot":2,"minecraft:rotten_flesh":4,"paraglider:goddess_statue":2,"minecraft:oak_planks":9,"minecraft:flint_and_steel":1,"minecraft:arrow":2,"minecraft:stone_pickaxe":2}},"DataVersion":3465}