{"stats":{"minecraft:used":{"minecraft:bread":4,"minecraft:stone_pickaxe":25,"minecraft:wooden_pickaxe":4,"minecraft:stone_axe":2},"minecraft:custom":{"minecraft:time_since_rest":16517,"minecraft:interact_with_smithing_table":2,"minecraft:sprint_one_cm":74293,"minecraft:damage_taken":20,"minecraft:walk_one_cm":21249,"minecraft:damage_dealt":6,"minecraft:fly_one_cm":76454,"minecraft:interact_with_crafting_table":7,"minecraft:talked_to_villager":2,"minecraft:open_barrel":2,"minecraft:open_chest":15,"minecraft:crouch_one_cm":497,"minecraft:play_time":16517,"minecraft:sneak_time":223,"minecraft:jump":328,"minecraft:walk_on_water_one_cm":2661,"minecraft:time_since_death":16517,"minecraft:total_world_time":16517,"minecraft:fall_one_cm":11535},"minecraft:mined":{"minecraft:smithing_table":2,"minecraft:hay_block":11,"minecraft:carrots":2,"minecraft:mossy_cobblestone":1,"minecraft:wheat":4,"minecraft:stone_brick_stairs":1,"minecraft:grass":4,"minecraft:blast_furnace":1,"minecraft:coal_ore":2,"minecraft:oak_log":2,"minecraft:beetroots":2,"minecraft:cobblestone":4,"minecraft:stone":11,"minecraft:grindstone":1,"minecraft:oak_planks":1,"minecraft:cauldron":1,"paraglider:goddess_statue":2},"minecraft:crafted":{"minecraft:oak_planks":8,"minecraft:stick":10,"minecraft:wooden_pickaxe":1,"minecraft:stone_pickaxe":1,"minecraft:stone_sword":1,"minecraft:stone_axe":1,"minecraft:bread":3,"minecraft:wheat":9},"minecraft:picked_up":{"minecraft:stick":15,"minecraft:wheat":6,"minecraft:smithing_table":2,"minecraft:stone_brick_stairs":1,"minecraft:oak_log":2,"minecraft:cherry_log":8,"minecraft:blast_furnace":1,"minecraft:carrot":7,"minecraft:cauldron":1,"paraglider:goddess_statue":2,"minecraft:mossy_cobblestone":1,"minecraft:beetroot":2,"minecraft:beetroot_seeds":5,"minecraft:wheat_seeds":16,"minecraft:hay_block":10,"minecraft:grindstone":1,"dynamictrees:cherry_seed":7,"minecraft:coal":2,"minecraft:oak_planks":1,"minecraft:cobblestone":15}},"DataVersion":3465}