{"stats":{"minecraft:picked_up":{"minecraft:stripped_oak_log":1,"iceandfire:sapphire_gem":3,"minecraft:crafting_table":1,"minecraft:wheat":6,"minecraft:smithing_table":2,"minecraft:stone_brick_stairs":1,"minecraft:oak_log":10,"paraglider:goddess_statue":2,"minecraft:dirt":1,"minecraft:bone":8,"minecraft:beetroot":2,"minecraft:bow":1,"minecraft:wheat_seeds":17,"minecraft:grindstone":1,"dynamictrees:oak_seed":2,"minecraft:oak_planks":8,"minecraft:book":63,"minecraft:raw_iron":18,"minecraft:stick":20,"minecraft:torch":2,"minecraft:cherry_log":8,"tombstone:grave_dust":1,"minecraft:blast_furnace":1,"minecraft:carrot":7,"minecraft:mossy_cobblestone":1,"minecraft:cauldron":1,"minecraft:rotten_flesh":1,"minecraft:arrow":6,"minecraft:stone_axe":1,"minecraft:beetroot_seeds":5,"minecraft:hay_block":10,"dynamictrees:cherry_seed":7,"minecraft:emerald":1,"iceandfire:raw_silver":25,"minecraft:cobblestone":96,"minecraft:coal":201,"minecraft:snowball":338},"minecraft:broken":{"minecraft:stone_axe":1,"minecraft:stone_shovel":1},"minecraft:crafted":{"minecraft:oak_planks":44,"minecraft:stone_shovel":1,"iceandfire:silver_ingot":3,"minecraft:crafting_table":1,"minecraft:wooden_pickaxe":1,"minecraft:baked_potato":30,"minecraft:stone_axe":1,"minecraft:bread":3,"minecraft:air":0,"minecraft:stick":10,"minecraft:stone_pickaxe":2,"minecraft:stone_sword":1,"iceandfire:silver_pickaxe":1,"minecraft:torch":76,"minecraft:wheat":90},"minecraft:mined":{"minecraft:smithing_table":2,"iceandfire:silver_ore":25,"minecraft:mossy_cobblestone":1,"minecraft:snow_block":76,"minecraft:crafting_table":1,"minecraft:oak_fence":7,"minecraft:blast_furnace":1,"minecraft:emerald_ore":1,"minecraft:white_stained_glass_pane":3,"iceandfire:sapphire_ore":3,"minecraft:cobblestone":4,"minecraft:grindstone":1,"minecraft:oak_planks":8,"minecraft:cauldron":1,"minecraft:hay_block":11,"minecraft:carrots":2,"minecraft:iron_ore":18,"minecraft:wheat":4,"minecraft:fire":5,"minecraft:snow":50,"dynamictrees:cherry_leaves":1,"minecraft:stone_brick_stairs":1,"minecraft:grass":7,"minecraft:bookshelf":21,"minecraft:oak_log":2,"minecraft:coal_ore":202,"minecraft:beetroots":2,"minecraft:dirt_path":3,"minecraft:gravel":2,"minecraft:dirt":3,"minecraft:stripped_oak_log":1,"minecraft:stone":97,"paraglider:goddess_statue":2},"minecraft:custom":{"minecraft:interact_with_smithing_table":2,"minecraft:interact_with_furnace":6,"minecraft:mob_kills":14,"minecraft:interact_with_crafting_table":13,"minecraft:open_barrel":6,"minecraft:leave_game":1,"minecraft:time_since_death":80061,"minecraft:sleep_in_bed":1,"minecraft:time_since_rest":39775,"minecraft:sprint_one_cm":329083,"minecraft:damage_taken":862,"minecraft:walk_one_cm":96979,"minecraft:drop":21,"minecraft:damage_dealt":2396,"minecraft:swim_one_cm":10176,"minecraft:talked_to_villager":2,"minecraft:fly_one_cm":328573,"minecraft:open_chest":31,"minecraft:crouch_one_cm":7727,"minecraft:play_time":80061,"tombstone:undead_killed":9,"minecraft:sneak_time":2734,"minecraft:walk_under_water_one_cm":945,"minecraft:jump":1746,"minecraft:interact_with_blast_furnace":4,"minecraft:walk_on_water_one_cm":14930,"minecraft:total_world_time":80061,"minecraft:fall_one_cm":56539},"minecraft:used":{"minecraft:stone_sword":21,"minecraft:stone_shovel":130,"minecraft:stone_pickaxe":32,"minecraft:oak_planks":1,"minecraft:baked_potato":17,"minecraft:wooden_pickaxe":4,"minecraft:torch":78,"minecraft:crafting_table":2,"minecraft:blast_furnace":1,"minecraft:snowball":184,"iceandfire:silver_pickaxe":69,"minecraft:bread":16,"minecraft:stone_axe":85,"minecraft:fire_charge":1,"minecraft:cobblestone":36,"minecraft:golden_pickaxe":261},"minecraft:dropped":{"minecraft:bread":5,"minecraft:stone_axe":1,"minecraft:wheat_seeds":1,"dynamictrees:oak_seed":2,"minecraft:cherry_log":8,"minecraft:beetroot":2,"minecraft:rotten_flesh":1,"paraglider:goddess_statue":2,"minecraft:apple":1,"minecraft:dirt":1,"tombstone:grave_dust":1,"minecraft:arrow":2,"minecraft:stone_pickaxe":1,"minecraft:paper":1,"minecraft:bone":4},"minecraft:killed":{"minecraft:spider":1,"creeperoverhaul:snowy_creeper":1,"minecraft:skeleton":3,"minecraft:zombie":6,"alexsmobs:fly":3}},"DataVersion":3465}