{"stats":{"minecraft:used":{"minecraft:stone_sword":21,"minecraft:flint_and_steel":1,"minecraft:stone_shovel":130,"minecraft:iron_sword":79,"minecraft:torch":142,"minecraft:snowball":184,"minecraft:grass_block":4,"minecraft:iron_axe":31,"minecraft:stone_bricks":1,"tombstone:gift":2,"minecraft:stone_pickaxe":32,"minecraft:baked_potato":29,"minecraft:oak_planks":1,"minecraft:wooden_pickaxe":4,"travelersbackpack:dragon":3,"minecraft:crafting_table":2,"minecraft:blast_furnace":2,"plushies:axolotl_plushie":1,"iceandfire:silver_pickaxe":269,"plushies:magma_cube_plushie":1,"minecraft:bread":31,"minecraft:stone_axe":85,"minecraft:fire_charge":1,"minecraft:cobblestone":75,"minecraft:smithing_table":1,"minecraft:golden_pickaxe":264},"minecraft:picked_up":{"minecraft:crafting_table":3,"minecraft:wheat":6,"travelersbackpack:dragon":2,"minecraft:smithing_table":2,"minecraft:stone_brick_wall":3,"minecraft:stone_brick_stairs":1,"paraglider:goddess_statue":2,"minecraft:string":3,"minecraft:flint_and_steel":1,"minecraft:beetroot":2,"iceandfire:armor_silver_metal_leggings":1,"dynamictrees:oak_seed":25,"minecraft:stick":117,"minecraft:raw_iron":36,"minecraft:torch":9,"minecraft:porkchop":2,"minecraft:cherry_log":8,"tombstone:grave_dust":3,"minecraft:carrot":12,"minecraft:cauldron":1,"minecraft:arrow":9,"minecraft:rotten_flesh":10,"minecraft:beetroot_seeds":5,"minecraft:hay_block":23,"minecraft:glistering_melon_slice":12,"minecraft:snowball":492,"minecraft:cobblestone":205,"minecraft:stripped_oak_log":1,"minecraft:pink_petals":8,"iceandfire:sapphire_gem":5,"minecraft:andesite":1,"minecraft:oak_log":102,"minecraft:gunpowder":2,"minecraft:dirt":10,"minecraft:bone":10,"minecraft:stone_bricks":1,"minecraft:bow":1,"minecraft:wheat_seeds":17,"minecraft:stone_pickaxe":1,"minecraft:grindstone":1,"minecraft:iron_ingot":7,"minecraft:oak_planks":8,"minecraft:book":63,"minecraft:blast_furnace":3,"minecraft:mossy_cobblestone":1,"minecraft:stone_axe":1,"dynamictrees:cherry_seed":7,"minecraft:emerald":4,"minecraft:coal":455,"iceandfire:raw_silver":37},"minecraft:broken":{"minecraft:stone_axe":1,"minecraft:stone_shovel":1},"minecraft:mined":{"iceandfire:silver_ore":37,"minecraft:mossy_cobblestone":1,"farmersdelight:wild_carrots":5,"minecraft:glow_lichen":1,"minecraft:hay_block":24,"minecraft:carrots":2,"minecraft:iron_ore":28,"minecraft:fire":5,"minecraft:snow":50,"dynamictrees:cherry_leaves":1,"minecraft:andesite":1,"minecraft:bookshelf":21,"minecraft:dirt_path":3,"minecraft:stripped_oak_log":1,"minecraft:stone":195,"minecraft:smithing_table":2,"travelersbackpack:dragon":2,"minecraft:snow_block":76,"minecraft:oak_fence":7,"minecraft:crafting_table":2,"minecraft:torch":4,"minecraft:blast_furnace":2,"minecraft:emerald_ore":4,"minecraft:white_stained_glass_pane":3,"iceandfire:sapphire_ore":5,"minecraft:tall_grass":3,"minecraft:cobblestone":7,"minecraft:grindstone":1,"minecraft:oak_planks":8,"minecraft:wall_torch":3,"minecraft:cauldron":1,"minecraft:pink_petals":2,"minecraft:wheat":4,"minecraft:bee_nest":1,"minecraft:stone_brick_stairs":1,"minecraft:grass":9,"minecraft:oak_log":2,"minecraft:coal_ore":270,"minecraft:beetroots":2,"minecraft:gravel":2,"minecraft:dirt":3,"minecraft:stone_bricks":1,"paraglider:goddess_statue":2},"minecraft:crafted":{"minecraft:oak_planks":44,"minecraft:stone_shovel":1,"iceandfire:armor_silver_metal_leggings":1,"minecraft:iron_axe":1,"minecraft:stone_pickaxe":2,"minecraft:wheat":207,"iceandfire:silver_ingot":25,"minecraft:crafting_table":1,"minecraft:wooden_pickaxe":1,"minecraft:baked_potato":30,"minecraft:iron_sword":1,"minecraft:stone_axe":1,"minecraft:bread":3,"minecraft:air":0,"minecraft:iron_chestplate":1,"minecraft:stick":18,"minecraft:iron_ingot":16,"minecraft:stone_sword":1,"minecraft:torch":172,"iceandfire:silver_pickaxe":1},"minecraft:killed":{"minecraft:spider":4,"creeperoverhaul:snowy_creeper":2,"minecraft:skeleton":7,"minecraft:pig":1,"minecraft:iron_golem":1,"minecraft:creeper":1,"minecraft:zombie":15,"alexsmobs:fly":3},"minecraft:custom":{"minecraft:interact_with_smithing_table":8,"minecraft:mob_kills":35,"minecraft:interact_with_crafting_table":20,"minecraft:open_barrel":6,"minecraft:leave_game":4,"minecraft:time_since_death":13194,"minecraft:climb_one_cm":197,"minecraft:sprint_one_cm":434835,"minecraft:walk_one_cm":155907,"minecraft:drop":33,"minecraft:talked_to_villager":5,"minecraft:play_time":137432,"minecraft:deaths":2,"minecraft:sneak_time":4746,"minecraft:walk_under_water_one_cm":3659,"minecraft:jump":2716,"minecraft:interact_with_blast_furnace":18,"minecraft:walk_on_water_one_cm":18886,"minecraft:total_world_time":137432,"minecraft:interact_with_furnace":6,"minecraft:interact_with_cartography_table":2,"minecraft:sleep_in_bed":2,"minecraft:time_since_rest":12955,"minecraft:damage_taken":2401,"minecraft:damage_dealt":6910,"minecraft:swim_one_cm":10332,"minecraft:fly_one_cm":551429,"minecraft:open_chest":44,"minecraft:crouch_one_cm":12960,"tombstone:undead_killed":22,"minecraft:fall_one_cm":92860},"minecraft:dropped":{"minecraft:enchanted_book":1,"minecraft:bread":5,"minecraft:wheat_seeds":1,"minecraft:cherry_log":8,"minecraft:crafting_table":1,"minecraft:apple":1,"minecraft:dirt":1,"minecraft:snowball":154,"tombstone:grave_dust":1,"minecraft:glistering_melon_slice":12,"minecraft:paper":1,"minecraft:pink_petals":8,"minecraft:bone":4,"minecraft:stone_axe":1,"dynamictrees:oak_seed":2,"minecraft:golden_chestplate":1,"minecraft:beetroot":2,"minecraft:rotten_flesh":4,"paraglider:goddess_statue":2,"minecraft:oak_planks":9,"minecraft:flint_and_steel":1,"minecraft:arrow":2,"minecraft:stone_pickaxe":2}},"DataVersion":3465}