{"stats":{"minecraft:used":{"minecraft:stone_sword":23,"minecraft:flint_and_steel":1,"minecraft:stone_shovel":130,"minecraft:ladder":2,"minecraft:iron_sword":227,"minecraft:torch":344,"minecraft:carrot":4,"minecraft:tuff":5,"minecraft:snowball":184,"farmersdelight:rope":1,"minecraft:grass_block":4,"minecraft:iron_axe":35,"minecraft:stone_bricks":1,"tombstone:gift":6,"minecraft:stone_pickaxe":32,"minecraft:baked_potato":30,"minecraft:oak_planks":1,"minecraft:wooden_pickaxe":4,"travelersbackpack:dragon":4,"minecraft:fletching_table":2,"minecraft:red_bed":1,"minecraft:crafting_table":3,"minecraft:blast_furnace":3,"plushies:axolotl_plushie":1,"iceandfire:silver_pickaxe":745,"plushies:magma_cube_plushie":1,"minecraft:bread":68,"tombstone:magic_scroll":1,"minecraft:stone_axe":85,"minecraft:fire_charge":1,"minecraft:cobblestone":341,"minecraft:grindstone":1,"minecraft:cooked_porkchop":2,"minecraft:smithing_table":1,"minecraft:golden_pickaxe":264},"minecraft:picked_up":{"minecraft:crafting_table":4,"minecraft:wheat":6,"travelersbackpack:dragon":3,"minecraft:smithing_table":2,"minecraft:oak_stairs":1,"minecraft:stone_brick_wall":3,"minecraft:stone_brick_stairs":1,"minecraft:red_bed":1,"paraglider:goddess_statue":2,"minecraft:string":8,"minecraft:flint_and_steel":1,"minecraft:beetroot":2,"minecraft:cobbled_deepslate":52,"iceandfire:armor_silver_metal_leggings":1,"dynamictrees:oak_seed":25,"minecraft:stick":117,"minecraft:raw_iron":132,"minecraft:torch":20,"minecraft:porkchop":2,"minecraft:cherry_log":8,"tombstone:grave_dust":4,"minecraft:carrot":12,"minecraft:redstone":58,"minecraft:cauldron":1,"minecraft:arrow":15,"minecraft:rotten_flesh":24,"minecraft:beetroot_seeds":5,"minecraft:hay_block":27,"farmersdelight:rope":1,"minecraft:glistering_melon_slice":12,"minecraft:snowball":492,"minecraft:cobblestone":341,"minecraft:stripped_oak_log":1,"minecraft:pink_petals":8,"iceandfire:sapphire_gem":5,"minecraft:andesite":18,"minecraft:tuff":8,"minecraft:oak_log":102,"minecraft:gunpowder":4,"minecraft:lapis_lazuli":32,"minecraft:dirt":23,"minecraft:bone":15,"minecraft:stone_bricks":1,"minecraft:bow":2,"minecraft:wheat_seeds":17,"minecraft:raw_gold":36,"minecraft:stone_pickaxe":1,"minecraft:grindstone":1,"minecraft:iron_ingot":7,"minecraft:oak_planks":9,"minecraft:book":63,"minecraft:blast_furnace":3,"minecraft:mossy_cobblestone":1,"minecraft:stone_axe":1,"minecraft:granite":1,"dynamictrees:cherry_seed":7,"minecraft:emerald":5,"tombstone:magic_scroll":1,"minecraft:coal":467,"iceandfire:raw_silver":60},"minecraft:broken":{"iceandfire:silver_pickaxe":1,"minecraft:stone_axe":1,"minecraft:stone_shovel":1},"minecraft:mined":{"minecraft:tuff":4,"iceandfire:silver_ore":52,"minecraft:mossy_cobblestone":1,"minecraft:sculk_vein":10,"farmersdelight:wild_carrots":5,"minecraft:glow_lichen":1,"minecraft:granite":17,"iceandfire:deepslate_silver_ore":9,"minecraft:cartography_table":1,"minecraft:hay_block":28,"minecraft:sculk_catalyst":4,"minecraft:carrots":2,"minecraft:iron_ore":59,"minecraft:fire":5,"minecraft:snow":50,"dynamictrees:cherry_leaves":1,"minecraft:andesite":18,"minecraft:deepslate_lapis_ore":4,"minecraft:sculk_shrieker":1,"minecraft:bookshelf":21,"farmersdelight:rope":1,"minecraft:deepslate_iron_ore":66,"minecraft:dirt_path":3,"minecraft:oak_stairs":1,"minecraft:stripped_oak_log":1,"minecraft:stone":315,"minecraft:smithing_table":2,"minecraft:deepslate_redstone_ore":14,"minecraft:red_bed":2,"travelersbackpack:dragon":3,"minecraft:snow_block":76,"minecraft:oak_fence":7,"minecraft:crafting_table":3,"minecraft:torch":11,"minecraft:blast_furnace":2,"minecraft:emerald_ore":5,"minecraft:white_stained_glass_pane":3,"minecraft:sculk_sensor":8,"iceandfire:sapphire_ore":5,"minecraft:copper_ore":2,"minecraft:tall_grass":3,"minecraft:cobblestone":21,"minecraft:deepslate_gold_ore":26,"minecraft:lapis_ore":3,"minecraft:grindstone":1,"minecraft:oak_planks":9,"minecraft:sculk":14,"minecraft:diorite":1,"minecraft:wall_torch":8,"minecraft:cauldron":1,"minecraft:pink_petals":2,"minecraft:wheat":4,"minecraft:bee_nest":1,"minecraft:stone_brick_stairs":1,"minecraft:grass":11,"minecraft:oak_log":2,"minecraft:coal_ore":283,"minecraft:beetroots":2,"minecraft:gravel":2,"minecraft:dirt":14,"minecraft:stone_bricks":1,"minecraft:gold_ore":11,"minecraft:deepslate":53,"paraglider:goddess_statue":2},"minecraft:crafted":{"minecraft:oak_planks":44,"minecraft:stone_shovel":1,"minecraft:bow":1,"minecraft:diamond_helmet":1,"minecraft:diamond_leggings":1,"iceandfire:armor_silver_metal_leggings":1,"minecraft:iron_axe":1,"minecraft:stone_pickaxe":2,"minecraft:diamond_boots":1,"minecraft:wheat":243,"minecraft:emerald":219,"minecraft:cooked_porkchop":2,"iceandfire:silver_ingot":60,"minecraft:crafting_table":2,"minecraft:wooden_pickaxe":1,"minecraft:baked_potato":30,"minecraft:iron_sword":1,"minecraft:stone_axe":1,"minecraft:bread":42,"minecraft:air":0,"minecraft:iron_chestplate":2,"minecraft:stick":18,"minecraft:iron_ingot":122,"minecraft:stone_sword":1,"minecraft:gold_ingot":36,"minecraft:torch":344,"iceandfire:silver_pickaxe":2,"minecraft:diamond_chestplate":1},"minecraft:killed":{"minecraft:spider":8,"creeperoverhaul:snowy_creeper":2,"minecraft:skeleton":17,"minecraft:pig":1,"minecraft:iron_golem":1,"minecraft:creeper":2,"minecraft:zombie":27,"alexsmobs:fly":3,"cave_dweller:cave_dweller":1},"minecraft:custom":{"minecraft:interact_with_smithing_table":10,"minecraft:mob_kills":67,"minecraft:interact_with_crafting_table":29,"minecraft:open_barrel":6,"minecraft:leave_game":4,"minecraft:time_since_death":86514,"minecraft:climb_one_cm":1467,"minecraft:sprint_one_cm":728556,"minecraft:walk_one_cm":283621,"minecraft:drop":54,"minecraft:talked_to_villager":60,"minecraft:play_time":233432,"minecraft:deaths":3,"minecraft:sneak_time":16446,"minecraft:walk_under_water_one_cm":5235,"minecraft:jump":4707,"minecraft:interact_with_blast_furnace":54,"minecraft:walk_on_water_one_cm":38990,"minecraft:total_world_time":233432,"minecraft:interact_with_furnace":15,"minecraft:traded_with_villager":225,"minecraft:interact_with_cartography_table":2,"minecraft:sleep_in_bed":6,"minecraft:time_since_rest":13792,"minecraft:damage_taken":4405,"minecraft:damage_dealt":13902,"minecraft:swim_one_cm":17116,"minecraft:fly_one_cm":852160,"minecraft:open_chest":73,"minecraft:crouch_one_cm":42024,"tombstone:undead_killed":44,"minecraft:fall_one_cm":165833,"minecraft:horse_one_cm":37711},"minecraft:dropped":{"minecraft:enchanted_book":2,"minecraft:bread":13,"minecraft:wheat_seeds":1,"minecraft:cherry_log":8,"minecraft:oak_log":23,"minecraft:crafting_table":1,"minecraft:apple":1,"minecraft:dirt":1,"minecraft:snowball":154,"tombstone:grave_dust":5,"minecraft:glistering_melon_slice":12,"minecraft:paper":1,"minecraft:string":8,"minecraft:pink_petals":8,"minecraft:bone":4,"minecraft:stone_axe":1,"dynamictrees:oak_seed":2,"minecraft:golden_chestplate":1,"minecraft:tuff":3,"minecraft:beetroot":2,"minecraft:rotten_flesh":4,"paraglider:goddess_statue":2,"minecraft:oak_planks":9,"minecraft:flint_and_steel":1,"minecraft:gunpowder":4,"minecraft:arrow":2,"minecraft:stone_pickaxe":2}},"DataVersion":3465}