{"stats":{"minecraft:picked_up":{"minecraft:stripped_oak_log":1,"minecraft:wheat":6,"minecraft:smithing_table":2,"minecraft:stone_brick_stairs":1,"minecraft:oak_log":2,"paraglider:goddess_statue":2,"minecraft:dirt":1,"minecraft:beetroot":2,"minecraft:wheat_seeds":16,"minecraft:grindstone":1,"minecraft:oak_planks":8,"minecraft:book":63,"minecraft:stick":15,"minecraft:cherry_log":8,"minecraft:blast_furnace":1,"minecraft:carrot":7,"minecraft:cauldron":1,"minecraft:mossy_cobblestone":1,"minecraft:beetroot_seeds":5,"minecraft:stone_axe":1,"minecraft:hay_block":10,"dynamictrees:cherry_seed":7,"minecraft:coal":2,"minecraft:snowball":44,"minecraft:cobblestone":15},"minecraft:crafted":{"minecraft:oak_planks":12,"minecraft:stone_shovel":1,"minecraft:wooden_pickaxe":1,"minecraft:baked_potato":6,"minecraft:stone_axe":1,"minecraft:bread":3,"minecraft:air":0,"minecraft:stick":10,"minecraft:stone_pickaxe":1,"minecraft:stone_sword":1,"minecraft:wheat":90},"minecraft:mined":{"minecraft:smithing_table":2,"minecraft:mossy_cobblestone":1,"minecraft:snow_block":11,"minecraft:oak_fence":7,"minecraft:blast_furnace":1,"minecraft:white_stained_glass_pane":1,"minecraft:cobblestone":4,"minecraft:grindstone":1,"minecraft:oak_planks":8,"minecraft:cauldron":1,"minecraft:hay_block":11,"minecraft:carrots":2,"minecraft:wheat":4,"minecraft:stone_brick_stairs":1,"minecraft:grass":4,"minecraft:bookshelf":21,"minecraft:coal_ore":2,"minecraft:oak_log":2,"minecraft:beetroots":2,"minecraft:dirt":1,"minecraft:stripped_oak_log":1,"minecraft:stone":11,"paraglider:goddess_statue":2},"minecraft:custom":{"minecraft:interact_with_smithing_table":2,"minecraft:interact_with_furnace":4,"minecraft:mob_kills":1,"minecraft:interact_with_crafting_table":9,"minecraft:open_barrel":6,"minecraft:leave_game":1,"minecraft:time_since_death":26353,"minecraft:time_since_rest":26353,"minecraft:sprint_one_cm":119470,"minecraft:damage_taken":60,"minecraft:walk_one_cm":31656,"minecraft:drop":6,"minecraft:damage_dealt":26,"minecraft:talked_to_villager":2,"minecraft:fly_one_cm":132533,"minecraft:open_chest":22,"minecraft:crouch_one_cm":1264,"minecraft:play_time":26353,"minecraft:sneak_time":404,"minecraft:jump":575,"minecraft:walk_on_water_one_cm":2661,"minecraft:total_world_time":26353,"minecraft:fall_one_cm":20986},"minecraft:used":{"minecraft:stone_sword":3,"minecraft:stone_shovel":11,"minecraft:stone_pickaxe":25,"minecraft:oak_planks":1,"minecraft:baked_potato":1,"minecraft:wooden_pickaxe":4,"minecraft:snowball":34,"minecraft:bread":6,"minecraft:stone_axe":39},"minecraft:dropped":{"minecraft:stone_axe":1,"minecraft:beetroot":2,"minecraft:apple":1,"minecraft:dirt":1,"minecraft:paper":1},"minecraft:killed":{"alexsmobs:fly":1}},"DataVersion":3465}