{"stats":{"minecraft:used":{"minecraft:diorite":2,"minecraft:stone_pickaxe":239,"minecraft:iron_sword":1,"minecraft:iron_chestplate":1,"minecraft:white_wool":3,"minecraft:torch":26,"farmersdelight:onion":8,"minecraft:crafting_table":5,"minecraft:red_bed":1,"minecraft:diamond_helmet":1,"minecraft:apple":2,"minecraft:iron_axe":14,"minecraft:bread":20,"minecraft:iron_pickaxe":488,"minecraft:iron_boots":1,"minecraft:cobblestone":35,"minecraft:furnace":3,"minecraft:smithing_table":1,"minecraft:potato":50,"minecraft:iron_leggings":1},"minecraft:picked_up":{"minecraft:crafting_table":1,"minecraft:andesite":19,"dynamictrees:spruce_seed":12,"minecraft:enchanted_book":1,"minecraft:tuff":11,"minecraft:oak_log":23,"minecraft:lapis_lazuli":65,"minecraft:string":8,"minecraft:red_bed":1,"minecraft:raw_copper":14,"minecraft:bone":2,"minecraft:wheat_seeds":1,"minecraft:cobbled_deepslate":178,"minecraft:stone_pickaxe":1,"minecraft:oak_planks":9,"minecraft:stick":65,"minecraft:raw_iron":50,"minecraft:torch":6,"minecraft:gravel":2,"tombstone:grave_dust":1,"minecraft:diorite":6,"minecraft:spruce_log":51,"minecraft:redstone":10,"minecraft:arrow":1,"minecraft:rotten_flesh":2,"minecraft:diamond":22,"farmersdelight:onion":4,"minecraft:hay_block":6,"minecraft:granite":16,"minecraft:bread":13,"minecraft:emerald":2,"tombstone:magic_scroll":1,"minecraft:coal":12,"iceandfire:raw_silver":5,"minecraft:white_wool":4,"minecraft:cobblestone":390},"minecraft:broken":{"minecraft:stone_pickaxe":2,"minecraft:iron_pickaxe":2},"minecraft:mined":{"minecraft:tuff":11,"farmersdelight:onions":1,"iceandfire:silver_ore":3,"minecraft:deepslate_diamond_ore":22,"minecraft:sculk_vein":2,"minecraft:crafting_table":1,"minecraft:emerald_ore":2,"iceandfire:deepslate_silver_ore":2,"minecraft:tall_grass":1,"minecraft:cobblestone":9,"minecraft:copper_ore":2,"minecraft:sculk":6,"minecraft:diorite":3,"minecraft:wall_torch":5,"minecraft:hay_block":6,"minecraft:iron_ore":42,"minecraft:andesite":19,"minecraft:deepslate_lapis_ore":10,"minecraft:grass":3,"minecraft:coal_ore":12,"minecraft:deepslate_iron_ore":8,"minecraft:gravel":2,"minecraft:stone":378,"minecraft:white_wool":2,"minecraft:deepslate":177},"minecraft:crafted":{"minecraft:oak_planks":32,"minecraft:emerald":15,"minecraft:crafting_table":4,"minecraft:spruce_planks":204,"minecraft:iron_sword":1,"minecraft:smithing_table":1,"minecraft:furnace":3,"minecraft:bread":18,"minecraft:iron_boots":1,"minecraft:diamond_helmet":1,"minecraft:iron_chestplate":1,"minecraft:iron_axe":1,"minecraft:stick":448,"minecraft:iron_ingot":47,"minecraft:iron_pickaxe":2,"minecraft:stone_pickaxe":1,"minecraft:iron_leggings":1,"minecraft:torch":24,"minecraft:wheat":54},"minecraft:killed":{"minecraft:skeleton":1,"minecraft:zombie":1},"minecraft:custom":{"minecraft:interact_with_furnace":26,"minecraft:mob_kills":2,"minecraft:traded_with_villager":15,"minecraft:interact_with_crafting_table":24,"minecraft:leave_game":1,"minecraft:time_since_death":219281,"minecraft:sleep_in_bed":5,"minecraft:time_since_rest":13792,"minecraft:sprint_one_cm":71941,"minecraft:damage_taken":1409,"minecraft:walk_one_cm":274776,"minecraft:drop":21,"minecraft:damage_dealt":409,"minecraft:talked_to_villager":12,"minecraft:swim_one_cm":2023,"minecraft:fly_one_cm":84814,"minecraft:open_chest":13,"minecraft:crouch_one_cm":9240,"minecraft:play_time":219281,"tombstone:undead_killed":2,"minecraft:sneak_time":3859,"minecraft:walk_under_water_one_cm":9253,"minecraft:jump":1403,"minecraft:walk_on_water_one_cm":33621,"minecraft:total_world_time":219281,"minecraft:fall_one_cm":26314,"minecraft:horse_one_cm":2800},"minecraft:dropped":{"minecraft:gravel":2,"minecraft:wheat_seeds":1,"minecraft:tuff":11,"minecraft:rotten_flesh":2,"minecraft:granite":5,"minecraft:diorite":4,"minecraft:andesite":19,"minecraft:wooden_pickaxe":1,"minecraft:string":8,"minecraft:redstone":5}},"DataVersion":3465}