{"stats":{"minecraft:picked_up":{"minecraft:torch":2,"minecraft:stone_pickaxe":1,"minecraft:bread":5,"minecraft:white_wool":2},"minecraft:mined":{"minecraft:grass":1,"minecraft:wall_torch":2},"minecraft:custom":{"minecraft:time_since_rest":15868,"minecraft:open_chest":2,"minecraft:crouch_one_cm":130,"minecraft:sprint_one_cm":7338,"minecraft:play_time":21150,"minecraft:damage_taken":312,"minecraft:walk_one_cm":21763,"minecraft:sneak_time":46,"minecraft:walk_under_water_one_cm":651,"minecraft:jump":113,"minecraft:damage_dealt":9,"minecraft:time_since_death":21150,"minecraft:walk_on_water_one_cm":6313,"minecraft:sleep_in_bed":1,"minecraft:total_world_time":21150,"minecraft:talked_to_villager":4,"minecraft:fall_one_cm":2597,"minecraft:fly_one_cm":8454},"minecraft:used":{"minecraft:torch":2,"minecraft:bread":4,"minecraft:stone_pickaxe":1}},"DataVersion":3465}