{"stats":{"minecraft:used":{"minecraft:diorite":2,"minecraft:apple":2,"minecraft:stone_pickaxe":239,"minecraft:bread":6,"minecraft:iron_pickaxe":241,"minecraft:white_wool":3,"minecraft:torch":16,"farmersdelight:onion":2,"minecraft:cobblestone":33,"minecraft:crafting_table":2,"minecraft:furnace":1,"minecraft:potato":37},"minecraft:picked_up":{"minecraft:raw_iron":38,"minecraft:crafting_table":1,"minecraft:andesite":19,"minecraft:torch":5,"minecraft:gravel":2,"minecraft:diorite":6,"minecraft:raw_copper":9,"minecraft:cobbled_deepslate":7,"minecraft:stone_pickaxe":1,"minecraft:emerald":2,"minecraft:bread":5,"minecraft:white_wool":4,"minecraft:oak_planks":9,"minecraft:coal":12,"iceandfire:raw_silver":3,"minecraft:cobblestone":382},"minecraft:broken":{"minecraft:stone_pickaxe":2,"minecraft:iron_pickaxe":1},"minecraft:mined":{"iceandfire:silver_ore":3,"minecraft:iron_ore":38,"minecraft:andesite":19,"minecraft:crafting_table":1,"minecraft:grass":1,"minecraft:emerald_ore":2,"minecraft:coal_ore":12,"minecraft:gravel":2,"minecraft:copper_ore":2,"minecraft:cobblestone":9,"minecraft:stone":370,"minecraft:white_wool":2,"minecraft:diorite":3,"minecraft:deepslate":7,"minecraft:wall_torch":4},"minecraft:crafted":{"minecraft:crafting_table":1,"minecraft:stick":8,"minecraft:iron_ingot":7,"minecraft:iron_pickaxe":1,"minecraft:stone_pickaxe":1,"minecraft:furnace":1,"minecraft:torch":16},"minecraft:killed":{"minecraft:skeleton":1},"minecraft:custom":{"minecraft:time_since_rest":153999,"minecraft:interact_with_furnace":2,"minecraft:sprint_one_cm":8911,"minecraft:damage_taken":773,"minecraft:walk_one_cm":105673,"minecraft:mob_kills":1,"minecraft:drop":4,"minecraft:damage_dealt":213,"minecraft:swim_one_cm":2023,"minecraft:interact_with_crafting_table":6,"minecraft:talked_to_villager":4,"minecraft:fly_one_cm":10292,"minecraft:open_chest":2,"minecraft:crouch_one_cm":180,"minecraft:play_time":159281,"tombstone:undead_killed":1,"minecraft:sneak_time":88,"minecraft:walk_under_water_one_cm":4048,"minecraft:jump":476,"minecraft:leave_game":1,"minecraft:time_since_death":159281,"minecraft:walk_on_water_one_cm":23502,"minecraft:sleep_in_bed":1,"minecraft:total_world_time":159281,"minecraft:fall_one_cm":7452},"minecraft:dropped":{"minecraft:diorite":4}},"DataVersion":3465}