{"stats":{"minecraft:used":{"minecraft:apple":2,"minecraft:bread":6,"minecraft:stone_pickaxe":239,"minecraft:iron_pickaxe":75,"minecraft:white_wool":3,"minecraft:torch":8,"farmersdelight:onion":2,"minecraft:cobblestone":29,"minecraft:crafting_table":2,"minecraft:furnace":1,"minecraft:potato":37},"minecraft:picked_up":{"minecraft:raw_iron":15,"minecraft:crafting_table":1,"minecraft:andesite":4,"minecraft:torch":4,"minecraft:gravel":2,"minecraft:diorite":2,"minecraft:stone_pickaxe":1,"minecraft:emerald":2,"minecraft:bread":5,"minecraft:oak_planks":9,"minecraft:coal":12,"iceandfire:raw_silver":3,"minecraft:white_wool":4,"minecraft:cobblestone":266},"minecraft:broken":{"minecraft:stone_pickaxe":2},"minecraft:mined":{"iceandfire:silver_ore":3,"minecraft:iron_ore":15,"minecraft:andesite":4,"minecraft:crafting_table":1,"minecraft:grass":1,"minecraft:emerald_ore":2,"minecraft:coal_ore":12,"minecraft:gravel":2,"minecraft:cobblestone":9,"minecraft:stone":254,"minecraft:white_wool":2,"minecraft:diorite":2,"minecraft:wall_torch":3},"minecraft:crafted":{"minecraft:crafting_table":1,"minecraft:stick":8,"minecraft:iron_ingot":7,"minecraft:iron_pickaxe":1,"minecraft:stone_pickaxe":1,"minecraft:furnace":1,"minecraft:torch":16},"minecraft:custom":{"minecraft:time_since_rest":130229,"minecraft:interact_with_furnace":2,"minecraft:sprint_one_cm":8813,"minecraft:damage_taken":743,"minecraft:walk_one_cm":67788,"minecraft:damage_dealt":201,"minecraft:talked_to_villager":4,"minecraft:swim_one_cm":2023,"minecraft:interact_with_crafting_table":6,"minecraft:fly_one_cm":10292,"minecraft:open_chest":2,"minecraft:crouch_one_cm":180,"minecraft:play_time":135511,"minecraft:sneak_time":84,"minecraft:walk_under_water_one_cm":4048,"minecraft:jump":377,"minecraft:walk_on_water_one_cm":23502,"minecraft:time_since_death":135511,"minecraft:sleep_in_bed":1,"minecraft:total_world_time":135511,"minecraft:fall_one_cm":7452}},"DataVersion":3465}