{"stats":{"minecraft:broken":{"minecraft:stone_pickaxe":2,"minecraft:iron_pickaxe":2},"minecraft:mined":{"minecraft:tuff":11,"farmersdelight:onions":4,"iceandfire:silver_ore":3,"minecraft:deepslate_diamond_ore":22,"minecraft:sculk_vein":2,"minecraft:grass_block":5,"minecraft:stone_brick_wall":1,"iceandfire:deepslate_silver_ore":2,"minecraft:large_fern":3,"minecraft:hay_block":6,"minecraft:iron_ore":42,"minecraft:andesite":19,"minecraft:deepslate_lapis_ore":10,"minecraft:azure_bluet":1,"minecraft:bookshelf":10,"minecraft:potatoes":1,"minecraft:deepslate_iron_ore":8,"minecraft:vine":1,"minecraft:iron_bars":2,"farmersdelight:rice_panicles":2,"minecraft:stone":378,"minecraft:white_wool":2,"minecraft:red_bed":3,"iceandfire:dragon_ice_spikes":1,"minecraft:crafting_table":1,"minecraft:emerald_ore":2,"minecraft:lectern":1,"minecraft:stone_slab":1,"minecraft:tall_grass":6,"minecraft:copper_ore":2,"minecraft:cobblestone":9,"minecraft:sculk":6,"minecraft:diorite":3,"minecraft:wall_torch":5,"minecraft:bee_nest":2,"minecraft:grass":29,"minecraft:coal_ore":12,"minecraft:gravel":2,"minecraft:dirt":3,"minecraft:stone_bricks":2,"minecraft:deepslate":177,"minecraft:infested_stone":1,"minecraft:fern":1},"minecraft:used":{"minecraft:iron_sword":38,"minecraft:iron_chestplate":1,"minecraft:torch":26,"minecraft:mutton":4,"minecraft:diamond_helmet":1,"minecraft:spruce_boat":4,"minecraft:iron_axe":69,"minecraft:iron_boots":1,"minecraft:beef":3,"minecraft:furnace":3,"tombstone:gift":1,"minecraft:potato":51,"minecraft:iron_leggings":1,"minecraft:diorite":2,"minecraft:stone_pickaxe":239,"minecraft:oak_planks":1,"minecraft:ender_pearl":1,"minecraft:white_wool":3,"farmersdelight:onion":31,"minecraft:golden_hoe":1,"minecraft:crafting_table":7,"minecraft:red_bed":5,"minecraft:diamond_pickaxe":10,"minecraft:apple":2,"minecraft:bread":43,"minecraft:iron_pickaxe":488,"iceandfire:ice_dragon_flesh":3,"minecraft:diamond_sword":49,"minecraft:cobblestone":70,"minecraft:porkchop":1,"minecraft:smithing_table":1},"minecraft:dropped":{"minecraft:stone_hoe":10,"iceandfire:raw_silver":5,"minecraft:iron_sword":1,"minecraft:wheat_seeds":4,"minecraft:oak_log":1,"minecraft:crafting_table":2,"dynamictrees:dark_oak_seed":11,"minecraft:cobblestone":1,"minecraft:leather":1,"minecraft:granite":5,"dynamictrees:spruce_seed":27,"minecraft:stick":23,"minecraft:diorite":4,"minecraft:mutton":2,"minecraft:iron_leggings":1,"minecraft:oak_stairs":4,"minecraft:golden_hoe":1,"minecraft:string":8,"minecraft:pink_petals":6,"minecraft:redstone":18,"minecraft:gravel":2,"dynamictrees:oak_seed":11,"alexsmobs:animal_dictionary":3,"minecraft:tuff":11,"tombstone:gift":1,"minecraft:rotten_flesh":3,"minecraft:iron_boots":1,"minecraft:iron_chestplate":1,"minecraft:andesite":19,"minecraft:mossy_stone_bricks":1,"minecraft:stone_brick_wall":2,"minecraft:stone_bricks":1,"minecraft:iron_bars":2,"minecraft:arrow":1,"minecraft:wooden_pickaxe":1},"minecraft:custom":{"minecraft:mob_kills":22,"minecraft:interact_with_crafting_table":26,"minecraft:leave_game":3,"minecraft:time_since_death":5992,"minecraft:climb_one_cm":60,"minecraft:sprint_one_cm":284870,"minecraft:walk_one_cm":496467,"minecraft:drop":101,"minecraft:talked_to_villager":26,"minecraft:play_time":307944,"minecraft:sneak_time":5428,"minecraft:deaths":2,"minecraft:walk_under_water_one_cm":13061,"minecraft:boat_one_cm":153135,"tombstone:tomb_raiding":1,"minecraft:jump":3448,"minecraft:walk_on_water_one_cm":53084,"minecraft:total_world_time":307944,"minecraft:interact_with_furnace":26,"minecraft:traded_with_villager":90,"minecraft:sleep_in_bed":14,"minecraft:time_since_rest":3577,"minecraft:damage_taken":3420,"minecraft:trigger_trapped_chest":2,"minecraft:damage_dealt":4018,"minecraft:player_kills":1,"minecraft:swim_one_cm":49198,"minecraft:fly_one_cm":505985,"minecraft:open_chest":25,"minecraft:crouch_one_cm":11896,"tombstone:undead_killed":8,"minecraft:fall_one_cm":97863,"minecraft:horse_one_cm":2800},"minecraft:crafted":{"minecraft:oak_planks":128,"minecraft:furnace":3,"minecraft:diamond_helmet":1,"minecraft:iron_boots":1,"minecraft:iron_axe":1,"minecraft:stone_pickaxe":1,"minecraft:spruce_boat":2,"minecraft:dark_oak_planks":508,"minecraft:stone_hoe":7,"minecraft:wheat":54,"minecraft:emerald":83,"minecraft:crafting_table":6,"minecraft:spruce_planks":556,"minecraft:iron_sword":1,"minecraft:smithing_table":1,"minecraft:bread":18,"minecraft:iron_chestplate":1,"minecraft:stick":2316,"minecraft:iron_ingot":47,"minecraft:iron_pickaxe":2,"minecraft:iron_leggings":1,"minecraft:torch":24},"minecraft:picked_up":{"minecraft:crafting_table":3,"minecraft:stone_slab":1,"dynamictrees:spruce_seed":27,"farmersdelight:rice_panicle":2,"minecraft:oak_stairs":4,"minecraft:stone_brick_wall":2,"minecraft:enchanted_book":1,"minecraft:string":8,"minecraft:red_bed":5,"minecraft:raw_copper":14,"minecraft:iron_leggings":1,"dynamictrees:dark_oak_seed":11,"minecraft:diamond_leggings":1,"minecraft:cobbled_deepslate":178,"minecraft:beef":3,"dynamictrees:oak_seed":11,"minecraft:lectern":1,"iceandfire:ice_dragon_heart":1,"minecraft:iron_boots":1,"minecraft:stick":303,"minecraft:raw_iron":50,"minecraft:torch":6,"minecraft:porkchop":1,"tombstone:grave_dust":1,"minecraft:diorite":6,"minecraft:redstone":18,"minecraft:diamond_chestplate":1,"minecraft:arrow":1,"minecraft:rotten_flesh":3,"minecraft:golden_hoe":1,"farmersdelight:onion":17,"iceandfire:dragonscales_silver":9,"minecraft:diamond_boots":1,"minecraft:hay_block":6,"minecraft:mutton":6,"minecraft:iron_bars":4,"minecraft:cobblestone":391,"minecraft:white_wool":8,"minecraft:pink_petals":6,"minecraft:andesite":19,"minecraft:leather":3,"minecraft:potato":1,"minecraft:tuff":11,"minecraft:oak_log":48,"minecraft:lapis_lazuli":65,"minecraft:dirt":8,"tombstone:gift":1,"minecraft:bone":6,"minecraft:stone_bricks":1,"minecraft:wheat_seeds":4,"minecraft:stone_pickaxe":1,"minecraft:mossy_stone_bricks":1,"minecraft:diamond_helmet":1,"minecraft:stone_hoe":7,"minecraft:oak_planks":11,"minecraft:book":30,"minecraft:gravel":2,"minecraft:grass_block":1,"minecraft:spruce_log":139,"minecraft:dark_oak_log":127,"alexsmobs:animal_dictionary":3,"minecraft:diamond":22,"minecraft:spruce_boat":2,"minecraft:granite":16,"minecraft:emerald":2,"iceandfire:ice_dragon_flesh":6,"minecraft:bread":13,"tombstone:magic_scroll":1,"minecraft:coal":12,"iceandfire:raw_silver":10,"minecraft:ender_pearl":1,"minecraft:diamond_pickaxe":1},"minecraft:killed":{"minecraft:spider":2,"minecraft:skeleton":5,"minecraft:bee":2,"minecraft:pig":1,"minecraft:sheep":5,"minecraft:zombie":3,"minecraft:cow":2,"minecraft:enderman":1}},"DataVersion":3465}