{"stats":{"minecraft:picked_up":{"minecraft:bread":5},"minecraft:custom":{"minecraft:jump":20,"minecraft:open_chest":1,"minecraft:time_since_rest":10067,"minecraft:damage_dealt":9,"minecraft:sprint_one_cm":2315,"minecraft:play_time":15349,"minecraft:damage_taken":254,"minecraft:time_since_death":15349,"minecraft:walk_one_cm":6371,"minecraft:sleep_in_bed":1,"minecraft:sneak_time":7,"minecraft:total_world_time":15349,"minecraft:talked_to_villager":1,"minecraft:fall_one_cm":1047,"minecraft:fly_one_cm":2240}},"DataVersion":3465}