{"stats":{"minecraft:picked_up":{"minecraft:raw_iron":4,"minecraft:torch":3,"minecraft:stone_pickaxe":1,"minecraft:bread":5,"minecraft:white_wool":4,"minecraft:cobblestone":14},"minecraft:mined":{"minecraft:grass":1,"minecraft:iron_ore":4,"minecraft:cobblestone":2,"minecraft:stone":12,"minecraft:white_wool":2,"minecraft:wall_torch":3},"minecraft:custom":{"minecraft:time_since_rest":27868,"minecraft:open_chest":2,"minecraft:crouch_one_cm":180,"minecraft:sprint_one_cm":7671,"minecraft:play_time":33150,"minecraft:damage_taken":312,"minecraft:walk_one_cm":27631,"minecraft:sneak_time":80,"minecraft:walk_under_water_one_cm":2185,"minecraft:jump":166,"minecraft:damage_dealt":9,"minecraft:time_since_death":33150,"minecraft:walk_on_water_one_cm":14102,"minecraft:sleep_in_bed":1,"minecraft:total_world_time":33150,"minecraft:talked_to_villager":4,"minecraft:fall_one_cm":3493,"minecraft:fly_one_cm":9263},"minecraft:used":{"minecraft:white_wool":3,"minecraft:torch":3,"minecraft:cobblestone":10,"minecraft:bread":4,"minecraft:stone_pickaxe":21,"minecraft:potato":8}},"DataVersion":3465}