{"stats":{"minecraft:dropped":{"minecraft:gravel":2,"iceandfire:raw_silver":5,"minecraft:wheat_seeds":2,"dynamictrees:oak_seed":11,"minecraft:oak_log":1,"alexsmobs:animal_dictionary":2,"minecraft:crafting_table":2,"minecraft:tuff":11,"dynamictrees:dark_oak_seed":11,"minecraft:rotten_flesh":2,"minecraft:iron_boots":1,"dynamictrees:spruce_seed":27,"minecraft:granite":5,"minecraft:diorite":4,"minecraft:mutton":2,"minecraft:iron_chestplate":1,"minecraft:andesite":19,"minecraft:iron_leggings":1,"minecraft:oak_stairs":4,"minecraft:arrow":1,"minecraft:wooden_pickaxe":1,"minecraft:string":8,"minecraft:pink_petals":6,"minecraft:redstone":5},"minecraft:killed":{"minecraft:spider":1,"minecraft:sheep":1,"minecraft:skeleton":3,"minecraft:zombie":1,"minecraft:bee":2},"minecraft:used":{"minecraft:diorite":2,"minecraft:stone_pickaxe":239,"minecraft:oak_planks":1,"minecraft:iron_sword":36,"minecraft:iron_chestplate":1,"minecraft:white_wool":3,"minecraft:torch":26,"farmersdelight:onion":8,"minecraft:crafting_table":6,"minecraft:red_bed":2,"minecraft:diamond_helmet":1,"minecraft:spruce_boat":2,"minecraft:apple":2,"minecraft:iron_axe":56,"minecraft:bread":41,"minecraft:iron_pickaxe":488,"minecraft:iron_boots":1,"minecraft:diamond_sword":5,"minecraft:cobblestone":35,"minecraft:furnace":3,"minecraft:smithing_table":1,"minecraft:potato":50,"minecraft:iron_leggings":1},"minecraft:crafted":{"minecraft:oak_planks":128,"minecraft:emerald":83,"minecraft:crafting_table":5,"minecraft:spruce_planks":556,"minecraft:iron_sword":1,"minecraft:smithing_table":1,"minecraft:furnace":3,"minecraft:bread":18,"minecraft:diamond_helmet":1,"minecraft:iron_boots":1,"minecraft:iron_chestplate":1,"minecraft:iron_axe":1,"minecraft:stick":2316,"minecraft:iron_ingot":47,"minecraft:iron_pickaxe":2,"minecraft:stone_pickaxe":1,"minecraft:iron_leggings":1,"minecraft:spruce_boat":1,"minecraft:dark_oak_planks":508,"minecraft:torch":24,"minecraft:wheat":54},"minecraft:mined":{"minecraft:tuff":11,"farmersdelight:onions":1,"iceandfire:silver_ore":3,"minecraft:deepslate_diamond_ore":22,"minecraft:sculk_vein":2,"minecraft:crafting_table":1,"minecraft:grass_block":4,"minecraft:emerald_ore":2,"iceandfire:deepslate_silver_ore":2,"minecraft:copper_ore":2,"minecraft:tall_grass":5,"minecraft:cobblestone":9,"minecraft:sculk":6,"minecraft:diorite":3,"minecraft:wall_torch":5,"minecraft:large_fern":3,"minecraft:hay_block":6,"minecraft:iron_ore":42,"minecraft:azure_bluet":1,"minecraft:andesite":19,"minecraft:deepslate_lapis_ore":10,"minecraft:bee_nest":2,"minecraft:grass":20,"minecraft:coal_ore":12,"minecraft:deepslate_iron_ore":8,"minecraft:gravel":2,"minecraft:stone":378,"minecraft:white_wool":2,"minecraft:deepslate":177,"minecraft:fern":1},"minecraft:broken":{"minecraft:stone_pickaxe":2,"minecraft:iron_pickaxe":2},"minecraft:custom":{"minecraft:interact_with_furnace":26,"minecraft:mob_kills":8,"minecraft:traded_with_villager":83,"minecraft:interact_with_crafting_table":25,"minecraft:leave_game":2,"minecraft:time_since_death":261729,"minecraft:sleep_in_bed":7,"minecraft:climb_one_cm":57,"minecraft:time_since_rest":11745,"minecraft:sprint_one_cm":168126,"minecraft:damage_taken":2307,"minecraft:walk_one_cm":383896,"minecraft:drop":40,"minecraft:damage_dealt":1899,"minecraft:swim_one_cm":36215,"minecraft:talked_to_villager":21,"minecraft:player_kills":1,"minecraft:fly_one_cm":260680,"minecraft:open_chest":14,"minecraft:crouch_one_cm":10749,"minecraft:play_time":261729,"tombstone:undead_killed":4,"minecraft:sneak_time":5055,"minecraft:walk_under_water_one_cm":11934,"minecraft:boat_one_cm":88605,"tombstone:tomb_raiding":1,"minecraft:jump":2278,"minecraft:walk_on_water_one_cm":39814,"minecraft:total_world_time":261729,"minecraft:fall_one_cm":56756,"minecraft:horse_one_cm":2800},"minecraft:picked_up":{"minecraft:pink_petals":6,"minecraft:crafting_table":3,"minecraft:andesite":19,"dynamictrees:spruce_seed":27,"minecraft:oak_stairs":4,"minecraft:enchanted_book":1,"minecraft:tuff":11,"minecraft:oak_log":48,"minecraft:lapis_lazuli":65,"minecraft:dirt":4,"minecraft:string":8,"minecraft:red_bed":2,"minecraft:raw_copper":14,"minecraft:iron_leggings":1,"minecraft:bone":4,"minecraft:diamond_leggings":1,"minecraft:wheat_seeds":3,"dynamictrees:dark_oak_seed":11,"minecraft:cobbled_deepslate":178,"minecraft:stone_pickaxe":1,"dynamictrees:oak_seed":11,"minecraft:diamond_helmet":1,"minecraft:oak_planks":11,"minecraft:iron_boots":1,"minecraft:stick":303,"minecraft:raw_iron":50,"minecraft:torch":6,"minecraft:gravel":2,"alexsmobs:animal_dictionary":2,"tombstone:grave_dust":1,"minecraft:diorite":6,"minecraft:spruce_log":139,"minecraft:redstone":10,"minecraft:dark_oak_log":127,"minecraft:diamond_chestplate":1,"minecraft:arrow":1,"minecraft:rotten_flesh":2,"minecraft:diamond":22,"minecraft:spruce_boat":1,"farmersdelight:onion":5,"minecraft:diamond_boots":1,"minecraft:hay_block":6,"minecraft:granite":16,"minecraft:bread":13,"minecraft:emerald":2,"minecraft:mutton":2,"minecraft:diamond_pickaxe":1,"tombstone:magic_scroll":1,"minecraft:white_wool":5,"minecraft:coal":12,"iceandfire:raw_silver":10,"minecraft:cobblestone":390}},"DataVersion":3465}