{"stats":{"minecraft:used":{"minecraft:diorite":2,"minecraft:apple":2,"minecraft:stone_pickaxe":239,"minecraft:bread":10,"minecraft:iron_pickaxe":366,"minecraft:white_wool":3,"minecraft:torch":23,"farmersdelight:onion":2,"minecraft:cobblestone":35,"minecraft:crafting_table":3,"minecraft:furnace":1,"minecraft:potato":37},"minecraft:picked_up":{"minecraft:raw_iron":42,"minecraft:crafting_table":1,"minecraft:andesite":19,"minecraft:torch":6,"minecraft:gravel":2,"minecraft:tuff":8,"minecraft:oak_log":23,"minecraft:diorite":6,"minecraft:redstone":5,"minecraft:lapis_lazuli":65,"minecraft:raw_copper":14,"minecraft:diamond":9,"minecraft:cobbled_deepslate":93,"minecraft:granite":16,"minecraft:stone_pickaxe":1,"minecraft:emerald":2,"minecraft:bread":13,"minecraft:white_wool":4,"minecraft:oak_planks":9,"minecraft:coal":12,"iceandfire:raw_silver":5,"minecraft:cobblestone":382},"minecraft:broken":{"minecraft:stone_pickaxe":2,"minecraft:iron_pickaxe":1},"minecraft:mined":{"minecraft:tuff":8,"iceandfire:silver_ore":3,"minecraft:deepslate_diamond_ore":9,"minecraft:iron_ore":38,"minecraft:sculk_vein":2,"minecraft:andesite":19,"minecraft:deepslate_lapis_ore":10,"minecraft:crafting_table":1,"minecraft:grass":1,"minecraft:emerald_ore":2,"minecraft:coal_ore":12,"minecraft:deepslate_iron_ore":4,"minecraft:gravel":2,"iceandfire:deepslate_silver_ore":2,"minecraft:copper_ore":2,"minecraft:cobblestone":9,"minecraft:stone":370,"minecraft:sculk":4,"minecraft:white_wool":2,"minecraft:diorite":3,"minecraft:deepslate":93,"minecraft:wall_torch":5},"minecraft:crafted":{"minecraft:oak_planks":32,"minecraft:crafting_table":2,"minecraft:stick":12,"minecraft:iron_ingot":7,"minecraft:iron_pickaxe":2,"minecraft:stone_pickaxe":1,"minecraft:furnace":1,"minecraft:torch":24},"minecraft:killed":{"minecraft:skeleton":1},"minecraft:custom":{"minecraft:time_since_rest":165999,"minecraft:interact_with_furnace":2,"minecraft:sprint_one_cm":9910,"minecraft:damage_taken":843,"minecraft:walk_one_cm":147275,"minecraft:mob_kills":1,"minecraft:drop":9,"minecraft:damage_dealt":213,"minecraft:swim_one_cm":2023,"minecraft:interact_with_crafting_table":7,"minecraft:talked_to_villager":4,"minecraft:fly_one_cm":10962,"minecraft:open_chest":2,"minecraft:crouch_one_cm":4873,"minecraft:play_time":171281,"tombstone:undead_killed":1,"minecraft:sneak_time":1735,"minecraft:walk_under_water_one_cm":4249,"minecraft:jump":620,"minecraft:leave_game":1,"minecraft:time_since_death":171281,"minecraft:walk_on_water_one_cm":27503,"minecraft:sleep_in_bed":1,"minecraft:total_world_time":171281,"minecraft:fall_one_cm":9123},"minecraft:dropped":{"minecraft:diorite":4,"minecraft:granite":5}},"DataVersion":3465}