{"stats":{"minecraft:used":{"minecraft:white_wool":3,"minecraft:torch":4,"minecraft:cobblestone":14,"minecraft:crafting_table":1,"minecraft:stone_pickaxe":126,"minecraft:bread":5,"minecraft:potato":36},"minecraft:picked_up":{"minecraft:raw_iron":4,"minecraft:torch":4,"minecraft:stone_pickaxe":1,"minecraft:bread":5,"minecraft:oak_planks":9,"minecraft:coal":12,"minecraft:white_wool":4,"minecraft:cobblestone":110},"minecraft:broken":{"minecraft:stone_pickaxe":1},"minecraft:mined":{"minecraft:grass":1,"minecraft:coal_ore":12,"minecraft:iron_ore":4,"minecraft:cobblestone":9,"minecraft:stone":98,"minecraft:white_wool":2,"minecraft:wall_torch":3},"minecraft:crafted":{"minecraft:crafting_table":1,"minecraft:stone_pickaxe":1,"minecraft:stick":4},"minecraft:custom":{"minecraft:open_chest":2,"minecraft:time_since_rest":118229,"minecraft:crouch_one_cm":180,"minecraft:play_time":123511,"minecraft:sprint_one_cm":8354,"minecraft:damage_taken":562,"minecraft:walk_one_cm":49255,"minecraft:sneak_time":84,"minecraft:walk_under_water_one_cm":4048,"minecraft:jump":343,"minecraft:damage_dealt":15,"minecraft:time_since_death":123511,"minecraft:walk_on_water_one_cm":23502,"minecraft:sleep_in_bed":1,"minecraft:total_world_time":123511,"minecraft:interact_with_crafting_table":1,"minecraft:swim_one_cm":2023,"minecraft:talked_to_villager":4,"minecraft:fall_one_cm":7117,"minecraft:fly_one_cm":10115}},"DataVersion":3465}