{"stats":{"minecraft:picked_up":{"minecraft:raw_iron":4,"minecraft:torch":4,"minecraft:stone_pickaxe":1,"minecraft:bread":5,"minecraft:coal":1,"minecraft:white_wool":4,"minecraft:cobblestone":38},"minecraft:mined":{"minecraft:grass":1,"minecraft:coal_ore":1,"minecraft:iron_ore":4,"minecraft:cobblestone":3,"minecraft:stone":35,"minecraft:white_wool":2,"minecraft:wall_torch":3},"minecraft:custom":{"minecraft:time_since_rest":106999,"minecraft:open_chest":2,"minecraft:crouch_one_cm":180,"minecraft:sprint_one_cm":7671,"minecraft:play_time":112281,"minecraft:damage_taken":312,"minecraft:walk_one_cm":30344,"minecraft:sneak_time":84,"minecraft:walk_under_water_one_cm":2721,"minecraft:jump":198,"minecraft:damage_dealt":9,"minecraft:time_since_death":112281,"minecraft:walk_on_water_one_cm":14543,"minecraft:sleep_in_bed":1,"minecraft:total_world_time":112281,"minecraft:talked_to_villager":4,"minecraft:fall_one_cm":3760,"minecraft:fly_one_cm":9263},"minecraft:used":{"minecraft:white_wool":3,"minecraft:torch":4,"minecraft:cobblestone":14,"minecraft:bread":4,"minecraft:stone_pickaxe":46,"minecraft:potato":8}},"DataVersion":3465}