{"stats":{"minecraft:broken":{"minecraft:shield":1},"minecraft:mined":{"minecraft:white_bed":1,"minecraft:mossy_cobblestone":6,"minecraft:oak_door":1,"minecraft:stone_brick_wall":1,"minecraft:grass_block":12,"iceandfire:frozen_grass":1,"travelersbackpack:white_sleeping_bag":1,"iceandfire:chared_dirt":1,"minecraft:hay_block":20,"minecraft:furnace":1,"minecraft:iron_ore":2,"dynamictrees:cherry_leaves":1,"iceandfire:chared_gravel":1,"minecraft:bookshelf":4,"iceandfire:gold_pile":11,"minecraft:dirt_path":4,"iceandfire:frost_lily":1,"minecraft:stone":44,"minecraft:smithing_table":1,"minecraft:oak_slab":1,"minecraft:light_gray_carpet":6,"minecraft:red_bed":2,"minecraft:dandelion":2,"minecraft:powder_snow":1,"minecraft:oak_fence":2,"minecraft:crafting_table":8,"iceandfire:dragon_ice_spikes":6,"iceandfire:frozen_dirt":2,"minecraft:tall_grass":2,"minecraft:cobblestone":2,"minecraft:sugar_cane":5,"minecraft:oak_planks":6,"minecraft:wall_torch":1,"minecraft:redstone_torch":1,"minecraft:ice":1,"minecraft:white_carpet":10,"minecraft:grass":17,"minecraft:oak_log":15,"minecraft:coal_ore":6,"iceandfire:silver_pile":16,"minecraft:dirt":20,"minecraft:mossy_stone_bricks":1,"minecraft:fern":1},"minecraft:used":{"minecraft:enchanting_table":1,"minecraft:light_gray_carpet":2,"minecraft:shield":68,"minecraft:iron_sword":114,"minecraft:cooked_chicken":2,"minecraft:stone_hoe":15,"minecraft:dirt":12,"minecraft:white_carpet":1,"minecraft:spruce_boat":3,"minecraft:furnace":2,"farmersdelight:cooked_mutton_chops":3,"minecraft:cooked_mutton":1,"minecraft:stone_pickaxe":75,"minecraft:wooden_pickaxe":16,"iceandfire:frozen_dirt":2,"minecraft:oak_slab":1,"minecraft:crafting_table":12,"minecraft:white_bed":1,"iceandfire:silver_axe":39,"iceandfire:silver_pickaxe":29,"minecraft:bread":28,"travelersbackpack:white_sleeping_bag":1,"minecraft:stone_axe":37,"minecraft:diamond_sword":6,"minecraft:cobblestone":1,"minecraft:cooked_porkchop":7,"minecraft:bucket":1,"minecraft:oak_boat":6},"minecraft:dropped":{"minecraft:bread":1,"minecraft:mossy_cobblestone":1,"iceandfire:chared_dirt":13,"minecraft:cobblestone":2,"minecraft:iron_helmet":1,"minecraft:dirt":12,"iceandfire:armor_silver_metal_leggings":1,"tombstone:grave_dust":2,"minecraft:paper":10,"minecraft:string":1,"minecraft:spruce_sapling":1,"minecraft:dandelion":2,"iceandfire:dragonbone":2,"minecraft:bone":5,"minecraft:sugar_cane":16,"dynamictrees:oak_seed":24,"minecraft:rotten_flesh":5,"minecraft:light_gray_carpet":1,"minecraft:rabbit_hide":2,"iceandfire:armor_silver_metal_boots":1,"minecraft:iron_chestplate":1,"farmersdelight:rope":9,"minecraft:spider_eye":1},"minecraft:killed_by":{"minecraft:player":1},"minecraft:custom":{"minecraft:mob_kills":33,"minecraft:interact_with_crafting_table":28,"minecraft:open_barrel":5,"minecraft:leave_game":3,"minecraft:time_since_death":15979,"minecraft:sprint_one_cm":248255,"minecraft:walk_one_cm":194817,"minecraft:damage_blocked_by_shield":288,"minecraft:drop":27,"minecraft:talked_to_villager":2,"minecraft:play_time":105049,"minecraft:deaths":4,"minecraft:sneak_time":6177,"minecraft:walk_under_water_one_cm":13667,"minecraft:boat_one_cm":384578,"minecraft:jump":1978,"minecraft:walk_on_water_one_cm":10840,"minecraft:enchant_item":2,"minecraft:total_world_time":105049,"minecraft:interact_with_furnace":18,"minecraft:time_since_rest":15520,"minecraft:damage_taken":3456,"tombstone:sneak_grave":1,"minecraft:damage_dealt":6667,"minecraft:fly_one_cm":467582,"minecraft:swim_one_cm":37850,"minecraft:open_chest":24,"minecraft:crouch_one_cm":13721,"tombstone:undead_killed":15,"tombstone:villager_killed":1,"minecraft:fall_one_cm":42598},"minecraft:crafted":{"minecraft:oak_planks":212,"minecraft:cooked_chicken":6,"minecraft:furnace":1,"minecraft:bookshelf":25,"minecraft:cooked_mutton":3,"travelersbackpack:white_sleeping_bag":1,"iceandfire:armor_silver_metal_leggings":1,"tombstone:grave_key":1,"minecraft:stone_pickaxe":1,"minecraft:spruce_boat":1,"iceandfire:armor_silver_metal_boots":1,"minecraft:stone_hoe":1,"minecraft:wheat":180,"iceandfire:silver_axe":1,"farmersdelight:cooked_mutton_chops":3,"minecraft:cooked_porkchop":15,"minecraft:crafting_table":7,"minecraft:spruce_planks":40,"minecraft:wooden_pickaxe":1,"minecraft:bucket":1,"minecraft:stone_axe":1,"minecraft:bread":60,"minecraft:air":0,"minecraft:oak_boat":2,"iceandfire:armor_silver_metal_helmet":1,"minecraft:iron_chestplate":1,"minecraft:shield":1,"minecraft:stick":12,"minecraft:iron_ingot":2,"iceandfire:silver_pickaxe":1},"minecraft:picked_up":{"minecraft:iron_chestplate":1,"minecraft:crafting_table":7,"minecraft:chicken":6,"minecraft:smithing_table":1,"dynamictrees:spruce_seed":3,"minecraft:diamond_sword":1,"minecraft:stone_brick_wall":1,"iceandfire:frozen_grass":1,"minecraft:string":3,"minecraft:red_bed":1,"minecraft:iron_axe":1,"aether:diamond_gloves":1,"minecraft:white_carpet":10,"minecraft:diamond_leggings":1,"minecraft:gold_nugget":108,"iceandfire:frost_lily":1,"iceandfire:armor_silver_metal_leggings":1,"minecraft:oak_boat":5,"minecraft:redstone_torch":1,"minecraft:poppy":1,"dynamictrees:oak_seed":38,"minecraft:sugar_cane":23,"minecraft:egg":2,"minecraft:furnace":1,"minecraft:tipped_arrow":1,"minecraft:stick":43,"minecraft:raw_iron":2,"iceandfire:dragonbone":2,"minecraft:oak_door":1,"minecraft:oak_fence":2,"minecraft:torch":1,"minecraft:porkchop":15,"tombstone:grave_dust":2,"iceandfire:armor_silver_metal_boots":1,"minecraft:diamond_chestplate":1,"iceandfire:silver_ingot":24,"minecraft:arrow":5,"minecraft:rotten_flesh":10,"iceandfire:chared_dirt":13,"minecraft:diamond_boots":1,"minecraft:hay_block":20,"farmersdelight:rope":9,"minecraft:cobblestone":51,"minecraft:white_wool":5,"minecraft:enchanting_table":2,"minecraft:feather":2,"minecraft:oak_log":53,"iceandfire:ectoplasm":2,"minecraft:lapis_lazuli":30,"minecraft:dirt":34,"minecraft:paper":5,"minecraft:bone":9,"minecraft:rabbit_hide":2,"minecraft:iron_ingot":12,"minecraft:diamond_helmet":1,"minecraft:stone_hoe":1,"minecraft:oak_planks":43,"minecraft:iron_sword":1,"minecraft:book":262,"minecraft:oak_slab":1,"minecraft:dandelion":2,"minecraft:spruce_sapling":1,"minecraft:white_bed":1,"minecraft:spruce_log":10,"minecraft:spider_eye":1,"iceandfire:frozen_dirt":2,"minecraft:mossy_cobblestone":1,"travelersbackpack:white_sleeping_bag":1,"minecraft:spruce_boat":2,"minecraft:iron_helmet":1,"iceandfire:ice_dragon_flesh":1,"minecraft:light_gray_carpet":6,"iceandfire:silver_nugget":154,"minecraft:coal":6,"minecraft:diamond_pickaxe":1,"minecraft:ender_pearl":1},"minecraft:killed":{"minecraft:spider":1,"alexsmobs:tasmanian_devil":2,"creeperoverhaul:snowy_creeper":2,"minecraft:skeleton":6,"minecraft:chicken":6,"alexsmobs:bison":1,"minecraft:pig":4,"minecraft:zombie":6,"iceandfire:ghost":1,"minecraft:stray":2,"minecraft:villager":1,"minecraft:enderman":1}},"DataVersion":3465}