{"stats":{"minecraft:dropped":{"minecraft:iron_helmet":1,"iceandfire:armor_silver_metal_boots":1,"iceandfire:armor_silver_metal_leggings":1,"minecraft:iron_chestplate":1},"minecraft:used":{"minecraft:stone_pickaxe":19,"minecraft:wooden_pickaxe":16,"minecraft:iron_sword":22,"minecraft:stone_hoe":15,"minecraft:oak_slab":1,"minecraft:crafting_table":6,"minecraft:bread":3,"minecraft:stone_axe":19,"minecraft:diamond_sword":6,"minecraft:cooked_porkchop":3,"minecraft:furnace":2,"minecraft:oak_boat":2},"minecraft:killed":{"minecraft:pig":4,"minecraft:skeleton":1,"minecraft:zombie":3},"minecraft:crafted":{"minecraft:oak_planks":60,"minecraft:cooked_porkchop":15,"minecraft:crafting_table":3,"minecraft:wooden_pickaxe":1,"minecraft:furnace":1,"minecraft:stone_axe":1,"minecraft:bread":60,"minecraft:air":0,"minecraft:oak_boat":1,"minecraft:stick":8,"minecraft:iron_ingot":2,"minecraft:stone_pickaxe":1,"minecraft:stone_hoe":1,"minecraft:wheat":180},"minecraft:killed_by":{"minecraft:player":1},"minecraft:mined":{"minecraft:oak_slab":1,"minecraft:light_gray_carpet":3,"minecraft:red_bed":1,"minecraft:oak_door":1,"minecraft:dandelion":1,"minecraft:oak_fence":2,"minecraft:crafting_table":5,"minecraft:grass_block":3,"minecraft:stone_brick_wall":1,"minecraft:oak_planks":6,"minecraft:wall_torch":1,"minecraft:hay_block":20,"minecraft:furnace":1,"minecraft:iron_ore":2,"minecraft:redstone_torch":1,"minecraft:white_carpet":9,"dynamictrees:cherry_leaves":1,"minecraft:grass":1,"minecraft:oak_log":15,"minecraft:dirt_path":4,"minecraft:dirt":4,"minecraft:stone":16,"minecraft:mossy_stone_bricks":1},"minecraft:custom":{"minecraft:interact_with_furnace":12,"minecraft:mob_kills":8,"minecraft:interact_with_crafting_table":14,"minecraft:time_since_death":19353,"minecraft:time_since_rest":19062,"minecraft:sprint_one_cm":46144,"minecraft:damage_taken":846,"minecraft:walk_one_cm":45995,"minecraft:drop":4,"minecraft:damage_dealt":1198,"minecraft:swim_one_cm":27997,"minecraft:talked_to_villager":2,"minecraft:fly_one_cm":74391,"minecraft:open_chest":4,"minecraft:crouch_one_cm":5988,"minecraft:play_time":25617,"tombstone:undead_killed":4,"minecraft:deaths":1,"minecraft:sneak_time":2875,"minecraft:walk_under_water_one_cm":5881,"minecraft:boat_one_cm":120735,"minecraft:jump":392,"minecraft:walk_on_water_one_cm":2128,"minecraft:total_world_time":25617,"minecraft:fall_one_cm":15241},"minecraft:picked_up":{"minecraft:crafting_table":5,"minecraft:iron_chestplate":1,"minecraft:diamond_sword":1,"minecraft:stone_brick_wall":1,"minecraft:oak_log":15,"minecraft:string":2,"minecraft:dirt":8,"minecraft:red_bed":1,"aether:diamond_gloves":1,"minecraft:white_carpet":9,"minecraft:bone":3,"minecraft:diamond_leggings":1,"iceandfire:armor_silver_metal_leggings":1,"minecraft:oak_boat":2,"minecraft:redstone_torch":1,"minecraft:diamond_helmet":1,"minecraft:iron_sword":1,"minecraft:oak_planks":43,"minecraft:furnace":1,"minecraft:raw_iron":2,"minecraft:oak_slab":1,"minecraft:stick":4,"minecraft:oak_door":1,"minecraft:oak_fence":2,"minecraft:torch":1,"minecraft:dandelion":1,"minecraft:porkchop":15,"minecraft:rotten_flesh":5,"minecraft:arrow":1,"iceandfire:armor_silver_metal_boots":1,"minecraft:diamond_chestplate":1,"minecraft:hay_block":20,"minecraft:diamond_boots":1,"minecraft:iron_helmet":1,"minecraft:light_gray_carpet":3,"minecraft:cobblestone":16,"minecraft:diamond_pickaxe":1}},"DataVersion":3465}