{"stats":{"minecraft:broken":{"minecraft:shield":1},"minecraft:mined":{"minecraft:smithing_table":1,"minecraft:oak_slab":1,"minecraft:light_gray_carpet":3,"minecraft:white_bed":1,"minecraft:red_bed":2,"minecraft:oak_door":1,"minecraft:dandelion":2,"minecraft:powder_snow":1,"minecraft:oak_fence":2,"iceandfire:dragon_ice_spikes":6,"minecraft:crafting_table":7,"minecraft:grass_block":11,"minecraft:stone_brick_wall":1,"iceandfire:frozen_grass":1,"iceandfire:frozen_dirt":2,"minecraft:tall_grass":1,"minecraft:oak_planks":6,"minecraft:sugar_cane":4,"minecraft:wall_torch":1,"minecraft:hay_block":20,"minecraft:furnace":1,"minecraft:iron_ore":2,"minecraft:redstone_torch":1,"dynamictrees:cherry_leaves":1,"minecraft:white_carpet":9,"minecraft:grass":7,"iceandfire:silver_pile":16,"minecraft:coal_ore":1,"minecraft:oak_log":15,"minecraft:dirt_path":4,"minecraft:dirt":20,"iceandfire:frost_lily":1,"minecraft:stone":43,"minecraft:mossy_stone_bricks":1},"minecraft:used":{"minecraft:stone_pickaxe":75,"minecraft:wooden_pickaxe":16,"minecraft:shield":68,"minecraft:iron_sword":70,"minecraft:stone_hoe":15,"iceandfire:frozen_dirt":2,"minecraft:dirt":12,"minecraft:oak_slab":1,"minecraft:crafting_table":10,"minecraft:white_bed":1,"iceandfire:silver_axe":1,"minecraft:bread":9,"minecraft:diamond_sword":6,"minecraft:stone_axe":37,"minecraft:cobblestone":1,"minecraft:furnace":2,"minecraft:cooked_porkchop":7,"minecraft:bucket":1,"minecraft:oak_boat":6},"minecraft:dropped":{"minecraft:bread":1,"minecraft:iron_helmet":1,"iceandfire:armor_silver_metal_boots":1,"iceandfire:armor_silver_metal_leggings":1,"minecraft:iron_chestplate":1,"minecraft:paper":5},"minecraft:killed_by":{"minecraft:player":1},"minecraft:custom":{"minecraft:interact_with_furnace":18,"minecraft:mob_kills":13,"minecraft:interact_with_crafting_table":23,"minecraft:open_barrel":5,"minecraft:leave_game":3,"minecraft:time_since_death":15347,"minecraft:time_since_rest":14855,"minecraft:sprint_one_cm":130689,"minecraft:damage_taken":2101,"minecraft:walk_one_cm":123270,"minecraft:damage_blocked_by_shield":288,"tombstone:sneak_grave":1,"minecraft:drop":6,"minecraft:damage_dealt":3213,"minecraft:swim_one_cm":30375,"minecraft:talked_to_villager":2,"minecraft:fly_one_cm":248479,"minecraft:open_chest":20,"minecraft:play_time":69645,"minecraft:crouch_one_cm":12585,"minecraft:sneak_time":5694,"tombstone:undead_killed":4,"minecraft:deaths":3,"minecraft:walk_under_water_one_cm":9672,"minecraft:boat_one_cm":324366,"minecraft:jump":1250,"minecraft:walk_on_water_one_cm":6714,"minecraft:total_world_time":69645,"minecraft:fall_one_cm":31334},"minecraft:picked_up":{"minecraft:enchanting_table":1,"minecraft:crafting_table":7,"minecraft:iron_chestplate":1,"minecraft:feather":2,"minecraft:chicken":6,"minecraft:smithing_table":1,"dynamictrees:spruce_seed":3,"minecraft:diamond_sword":1,"minecraft:stone_brick_wall":1,"minecraft:oak_log":15,"iceandfire:frozen_grass":1,"minecraft:string":2,"minecraft:dirt":33,"minecraft:red_bed":1,"aether:diamond_gloves":1,"minecraft:white_carpet":9,"minecraft:bone":4,"minecraft:diamond_leggings":1,"iceandfire:frost_lily":1,"minecraft:iron_ingot":12,"iceandfire:armor_silver_metal_leggings":1,"minecraft:oak_boat":5,"minecraft:redstone_torch":1,"minecraft:diamond_helmet":1,"minecraft:sugar_cane":7,"minecraft:iron_sword":1,"minecraft:oak_planks":43,"minecraft:furnace":1,"minecraft:egg":1,"minecraft:book":256,"minecraft:raw_iron":2,"minecraft:oak_slab":1,"minecraft:stick":9,"minecraft:oak_door":1,"minecraft:oak_fence":2,"minecraft:torch":1,"minecraft:dandelion":2,"minecraft:porkchop":15,"minecraft:white_bed":1,"minecraft:spruce_log":10,"iceandfire:frozen_dirt":2,"iceandfire:armor_silver_metal_boots":1,"iceandfire:silver_ingot":24,"minecraft:arrow":1,"minecraft:rotten_flesh":5,"minecraft:diamond_chestplate":1,"minecraft:diamond_boots":1,"minecraft:hay_block":20,"minecraft:iron_helmet":1,"iceandfire:ice_dragon_flesh":1,"minecraft:light_gray_carpet":3,"iceandfire:silver_nugget":154,"minecraft:coal":1,"minecraft:ender_pearl":1,"minecraft:white_wool":5,"minecraft:cobblestone":47,"minecraft:diamond_pickaxe":1},"minecraft:crafted":{"iceandfire:silver_axe":1,"minecraft:oak_planks":60,"farmersdelight:cooked_mutton_chops":3,"minecraft:cooked_porkchop":15,"minecraft:crafting_table":6,"minecraft:spruce_planks":40,"minecraft:cooked_chicken":6,"minecraft:wooden_pickaxe":1,"minecraft:furnace":1,"minecraft:bucket":1,"minecraft:stone_axe":1,"minecraft:cooked_mutton":3,"minecraft:bread":60,"minecraft:air":0,"minecraft:oak_boat":2,"iceandfire:armor_silver_metal_helmet":1,"travelersbackpack:white_sleeping_bag":1,"minecraft:iron_chestplate":1,"minecraft:shield":1,"iceandfire:armor_silver_metal_leggings":1,"tombstone:grave_key":1,"minecraft:stick":12,"minecraft:iron_ingot":2,"minecraft:stone_pickaxe":1,"iceandfire:armor_silver_metal_boots":1,"iceandfire:silver_pickaxe":1,"minecraft:stone_hoe":1,"minecraft:wheat":180},"minecraft:killed":{"minecraft:pig":4,"creeperoverhaul:snowy_creeper":2,"minecraft:skeleton":1,"minecraft:zombie":3,"minecraft:chicken":3}},"DataVersion":3465}