{"stats":{"minecraft:broken":{"minecraft:shield":1},"minecraft:mined":{"minecraft:white_bed":1,"minecraft:mossy_cobblestone":6,"minecraft:oak_door":1,"minecraft:grass_block":13,"minecraft:stone_brick_wall":1,"iceandfire:frozen_grass":1,"travelersbackpack:white_sleeping_bag":1,"iceandfire:chared_dirt":1,"minecraft:hay_block":20,"minecraft:furnace":1,"minecraft:iron_ore":2,"dynamictrees:cherry_leaves":1,"iceandfire:chared_gravel":1,"minecraft:bookshelf":4,"iceandfire:gold_pile":11,"minecraft:dirt_path":4,"iceandfire:frost_lily":1,"minecraft:stone":44,"minecraft:smithing_table":1,"minecraft:oak_slab":1,"minecraft:light_gray_carpet":6,"minecraft:red_bed":2,"minecraft:dandelion":2,"minecraft:powder_snow":1,"minecraft:oak_fence":2,"minecraft:crafting_table":10,"iceandfire:dragon_ice_spikes":6,"iceandfire:frozen_dirt":2,"minecraft:tall_grass":2,"minecraft:cobblestone":3,"minecraft:sugar_cane":9,"minecraft:oak_planks":6,"minecraft:wall_torch":1,"minecraft:redstone_torch":1,"minecraft:ice":1,"minecraft:white_carpet":10,"dynamictrees:birch_leaves":1,"minecraft:grass":20,"minecraft:oak_log":15,"minecraft:coal_ore":10,"iceandfire:silver_pile":16,"minecraft:dirt":20,"minecraft:mossy_stone_bricks":1,"minecraft:fern":1,"paraglider:goddess_statue":1},"minecraft:used":{"minecraft:enchanting_table":1,"minecraft:light_gray_carpet":2,"minecraft:shield":71,"minecraft:iron_sword":139,"minecraft:cooked_chicken":6,"minecraft:stone_hoe":15,"minecraft:iron_chestplate":1,"minecraft:dirt":12,"minecraft:white_carpet":1,"minecraft:spruce_boat":3,"minecraft:furnace":2,"farmersdelight:cooked_mutton_chops":3,"minecraft:cooked_mutton":1,"minecraft:stone_pickaxe":75,"minecraft:wooden_pickaxe":16,"iceandfire:frozen_dirt":2,"minecraft:oak_slab":1,"minecraft:crafting_table":16,"minecraft:white_bed":1,"iceandfire:silver_axe":53,"iceandfire:silver_pickaxe":37,"minecraft:bread":36,"travelersbackpack:white_sleeping_bag":1,"minecraft:stone_axe":37,"minecraft:diamond_sword":6,"minecraft:cobblestone":1,"minecraft:cooked_porkchop":7,"minecraft:bucket":1,"minecraft:oak_boat":6},"minecraft:dropped":{"minecraft:stone_hoe":1,"minecraft:bread":1,"minecraft:mossy_cobblestone":1,"minecraft:cobblestone":2,"iceandfire:chared_dirt":13,"minecraft:iron_helmet":1,"minecraft:dirt":12,"iceandfire:armor_silver_metal_leggings":2,"tombstone:grave_dust":6,"minecraft:iron_leggings":1,"paraglider:paraglider":2,"iceandfire:armor_silver_metal_helmet":1,"minecraft:paper":10,"minecraft:string":2,"minecraft:bucket":1,"minecraft:spruce_sapling":1,"minecraft:dandelion":2,"iceandfire:dragonbone":2,"minecraft:bone":5,"minecraft:sugar_cane":16,"dynamictrees:oak_seed":24,"minecraft:rotten_flesh":9,"minecraft:oak_planks":2,"minecraft:light_gray_carpet":1,"minecraft:poppy":3,"minecraft:rabbit_hide":2,"iceandfire:armor_silver_metal_boots":2,"travelersbackpack:white_sleeping_bag":1,"minecraft:spruce_planks":7,"minecraft:iron_chestplate":1,"farmersdelight:rope":9,"minecraft:spider_eye":1,"minecraft:wooden_pickaxe":3},"minecraft:killed_by":{"minecraft:player":1},"minecraft:custom":{"minecraft:mob_kills":44,"minecraft:interact_with_crafting_table":38,"minecraft:open_barrel":5,"minecraft:leave_game":3,"minecraft:time_since_death":33654,"minecraft:sprint_one_cm":298932,"minecraft:walk_one_cm":232088,"minecraft:damage_blocked_by_shield":373,"minecraft:drop":49,"minecraft:talked_to_villager":2,"minecraft:play_time":122724,"minecraft:sneak_time":6586,"minecraft:deaths":4,"minecraft:walk_under_water_one_cm":15795,"minecraft:boat_one_cm":384578,"minecraft:jump":2433,"minecraft:walk_on_water_one_cm":12637,"minecraft:enchant_item":2,"minecraft:total_world_time":122724,"minecraft:interact_with_furnace":18,"minecraft:time_since_rest":33195,"minecraft:damage_taken":4041,"tombstone:sneak_grave":1,"minecraft:damage_dealt":8461,"minecraft:swim_one_cm":40862,"minecraft:fly_one_cm":554282,"minecraft:open_chest":24,"minecraft:crouch_one_cm":14690,"tombstone:undead_killed":22,"tombstone:villager_killed":1,"minecraft:fall_one_cm":50669},"minecraft:crafted":{"minecraft:oak_planks":212,"minecraft:cooked_chicken":6,"minecraft:furnace":1,"minecraft:bookshelf":25,"minecraft:cooked_mutton":3,"travelersbackpack:white_sleeping_bag":1,"minecraft:iron_boots":1,"iceandfire:armor_silver_metal_leggings":1,"tombstone:grave_key":1,"minecraft:stone_pickaxe":1,"minecraft:spruce_boat":1,"iceandfire:armor_silver_metal_boots":1,"minecraft:stone_hoe":1,"minecraft:wheat":180,"iceandfire:silver_axe":1,"paraglider:paraglider":3,"farmersdelight:cooked_mutton_chops":3,"minecraft:cooked_porkchop":15,"minecraft:crafting_table":9,"minecraft:spruce_planks":40,"minecraft:wooden_pickaxe":1,"minecraft:iron_helmet":1,"minecraft:bucket":1,"minecraft:stone_axe":1,"minecraft:bread":60,"minecraft:air":0,"minecraft:oak_boat":2,"iceandfire:armor_silver_metal_helmet":1,"minecraft:iron_chestplate":2,"minecraft:shield":2,"minecraft:stick":20,"minecraft:iron_ingot":2,"minecraft:iron_leggings":1,"iceandfire:silver_pickaxe":1},"minecraft:picked_up":{"minecraft:crafting_table":9,"minecraft:iron_chestplate":1,"minecraft:chicken":6,"minecraft:diamond_sword":1,"minecraft:smithing_table":1,"dynamictrees:spruce_seed":3,"minecraft:wooden_pickaxe":2,"minecraft:stone_brick_wall":1,"paraglider:goddess_statue":1,"iceandfire:frozen_grass":1,"minecraft:string":4,"minecraft:red_bed":1,"minecraft:iron_axe":1,"aether:diamond_gloves":1,"minecraft:iron_leggings":1,"minecraft:white_carpet":10,"minecraft:diamond_leggings":1,"minecraft:gold_nugget":108,"minecraft:bucket":1,"iceandfire:frost_lily":1,"iceandfire:armor_silver_metal_leggings":1,"minecraft:oak_boat":5,"minecraft:redstone_torch":1,"dynamictrees:oak_seed":39,"minecraft:poppy":3,"minecraft:sugar_cane":23,"minecraft:furnace":1,"minecraft:egg":2,"minecraft:tipped_arrow":1,"minecraft:stick":50,"minecraft:raw_iron":2,"iceandfire:dragonbone":2,"minecraft:oak_door":1,"minecraft:oak_fence":2,"minecraft:torch":1,"minecraft:porkchop":15,"tombstone:grave_dust":8,"iceandfire:armor_silver_metal_boots":1,"minecraft:diamond_chestplate":1,"iceandfire:silver_ingot":24,"minecraft:arrow":6,"minecraft:rotten_flesh":14,"minecraft:diamond_boots":1,"iceandfire:chared_dirt":13,"minecraft:hay_block":20,"farmersdelight:rope":9,"tombstone:essence_of_undeath":2,"minecraft:white_wool":5,"minecraft:cobblestone":51,"minecraft:enchanting_table":2,"minecraft:feather":2,"minecraft:leather":11,"minecraft:oak_log":53,"iceandfire:ectoplasm":2,"minecraft:lapis_lazuli":30,"minecraft:dirt":34,"minecraft:paper":5,"minecraft:bone":13,"minecraft:rabbit_hide":2,"minecraft:iron_ingot":74,"minecraft:diamond_helmet":1,"minecraft:stone_hoe":2,"minecraft:iron_sword":1,"minecraft:oak_planks":43,"minecraft:book":262,"minecraft:oak_slab":1,"minecraft:dandelion":2,"minecraft:spruce_sapling":1,"minecraft:white_bed":1,"minecraft:spruce_log":10,"iceandfire:frozen_dirt":2,"minecraft:spider_eye":1,"minecraft:mossy_cobblestone":1,"travelersbackpack:white_sleeping_bag":1,"minecraft:spruce_boat":2,"minecraft:iron_helmet":1,"iceandfire:ice_dragon_flesh":1,"minecraft:light_gray_carpet":6,"iceandfire:silver_nugget":154,"minecraft:coal":6,"minecraft:ender_pearl":1,"minecraft:diamond_pickaxe":1},"minecraft:killed":{"minecraft:spider":3,"alexsmobs:tasmanian_devil":2,"creeperoverhaul:snowy_creeper":2,"minecraft:skeleton":8,"minecraft:chicken":6,"alexsmobs:bison":1,"minecraft:pig":4,"minecraft:sheep":1,"minecraft:zombie":11,"iceandfire:ghost":1,"minecraft:stray":2,"minecraft:villager":1,"minecraft:enderman":1}},"DataVersion":3465}