{"stats":{"minecraft:killed":{"minecraft:pig":4,"minecraft:skeleton":1,"minecraft:zombie":3},"minecraft:crafted":{"minecraft:oak_planks":60,"minecraft:cooked_porkchop":15,"minecraft:crafting_table":5,"minecraft:wooden_pickaxe":1,"minecraft:furnace":1,"minecraft:bucket":1,"minecraft:stone_axe":1,"minecraft:bread":60,"minecraft:air":0,"minecraft:oak_boat":2,"minecraft:iron_chestplate":1,"iceandfire:armor_silver_metal_leggings":1,"minecraft:shield":1,"tombstone:grave_key":1,"minecraft:stick":8,"minecraft:iron_ingot":2,"minecraft:stone_pickaxe":1,"iceandfire:armor_silver_metal_boots":1,"minecraft:stone_hoe":1,"minecraft:wheat":180},"minecraft:mined":{"minecraft:smithing_table":1,"minecraft:oak_slab":1,"minecraft:light_gray_carpet":3,"minecraft:white_bed":1,"minecraft:red_bed":1,"minecraft:oak_door":1,"minecraft:dandelion":2,"iceandfire:dragon_ice_spikes":1,"minecraft:oak_fence":2,"minecraft:crafting_table":5,"minecraft:grass_block":6,"minecraft:stone_brick_wall":1,"minecraft:tall_grass":1,"minecraft:sugar_cane":4,"minecraft:oak_planks":6,"minecraft:wall_torch":1,"minecraft:hay_block":20,"minecraft:furnace":1,"minecraft:iron_ore":2,"minecraft:redstone_torch":1,"dynamictrees:cherry_leaves":1,"minecraft:white_carpet":9,"minecraft:grass":5,"minecraft:oak_log":15,"minecraft:coal_ore":1,"minecraft:dirt_path":4,"minecraft:dirt":11,"minecraft:stone":43,"minecraft:mossy_stone_bricks":1},"minecraft:custom":{"minecraft:interact_with_furnace":12,"minecraft:mob_kills":8,"minecraft:interact_with_crafting_table":19,"minecraft:open_barrel":3,"minecraft:leave_game":2,"minecraft:time_since_death":6226,"minecraft:time_since_rest":4762,"minecraft:sprint_one_cm":95882,"minecraft:damage_taken":1418,"minecraft:walk_one_cm":79615,"minecraft:damage_blocked_by_shield":288,"tombstone:sneak_grave":1,"minecraft:drop":5,"minecraft:damage_dealt":1370,"minecraft:swim_one_cm":30375,"minecraft:talked_to_villager":2,"minecraft:fly_one_cm":174468,"minecraft:open_chest":7,"minecraft:play_time":50805,"minecraft:crouch_one_cm":9710,"minecraft:sneak_time":4704,"tombstone:undead_killed":4,"minecraft:deaths":2,"minecraft:walk_under_water_one_cm":9672,"minecraft:boat_one_cm":324366,"minecraft:jump":868,"minecraft:walk_on_water_one_cm":6714,"minecraft:total_world_time":50805,"minecraft:fall_one_cm":23096},"minecraft:broken":{"minecraft:shield":1},"minecraft:picked_up":{"minecraft:crafting_table":5,"minecraft:iron_chestplate":1,"dynamictrees:spruce_seed":3,"minecraft:smithing_table":1,"minecraft:diamond_sword":1,"minecraft:stone_brick_wall":1,"minecraft:oak_log":15,"minecraft:dirt":19,"minecraft:string":2,"minecraft:red_bed":1,"aether:diamond_gloves":1,"minecraft:white_carpet":9,"minecraft:bone":4,"minecraft:diamond_leggings":1,"minecraft:iron_ingot":12,"iceandfire:armor_silver_metal_leggings":1,"minecraft:oak_boat":5,"minecraft:redstone_torch":1,"minecraft:diamond_helmet":1,"minecraft:sugar_cane":7,"minecraft:iron_sword":1,"minecraft:oak_planks":43,"minecraft:furnace":1,"minecraft:oak_slab":1,"minecraft:stick":9,"minecraft:raw_iron":2,"minecraft:oak_door":1,"minecraft:oak_fence":2,"minecraft:torch":1,"minecraft:dandelion":2,"minecraft:porkchop":15,"minecraft:white_bed":1,"minecraft:spruce_log":10,"iceandfire:armor_silver_metal_boots":1,"iceandfire:silver_ingot":24,"minecraft:arrow":1,"minecraft:rotten_flesh":5,"minecraft:diamond_chestplate":1,"minecraft:diamond_boots":1,"minecraft:iron_helmet":1,"minecraft:hay_block":20,"minecraft:light_gray_carpet":3,"minecraft:coal":1,"minecraft:ender_pearl":1,"minecraft:cobblestone":47,"minecraft:diamond_pickaxe":1},"minecraft:killed_by":{"minecraft:player":1},"minecraft:dropped":{"minecraft:bread":1,"minecraft:iron_helmet":1,"iceandfire:armor_silver_metal_boots":1,"minecraft:iron_chestplate":1,"iceandfire:armor_silver_metal_leggings":1},"minecraft:used":{"minecraft:stone_pickaxe":50,"minecraft:wooden_pickaxe":16,"minecraft:shield":68,"minecraft:iron_sword":24,"minecraft:stone_hoe":15,"minecraft:oak_slab":1,"minecraft:crafting_table":8,"minecraft:bread":6,"minecraft:diamond_sword":6,"minecraft:stone_axe":30,"minecraft:cobblestone":1,"minecraft:furnace":2,"minecraft:cooked_porkchop":6,"minecraft:bucket":1,"minecraft:oak_boat":6}},"DataVersion":3465}