{"stats":{"minecraft:used":{"minecraft:diamond_sword":6,"minecraft:crafting_table":1},"minecraft:crafted":{"minecraft:oak_planks":8,"minecraft:crafting_table":1,"minecraft:bread":12,"minecraft:wheat":36},"minecraft:mined":{"minecraft:hay_block":4,"minecraft:oak_log":2,"minecraft:crafting_table":1},"minecraft:custom":{"minecraft:open_chest":2,"minecraft:time_since_rest":5656,"minecraft:crouch_one_cm":1284,"minecraft:play_time":5656,"minecraft:sprint_one_cm":14545,"minecraft:damage_taken":234,"minecraft:walk_one_cm":12167,"minecraft:sneak_time":638,"minecraft:jump":96,"minecraft:damage_dealt":77,"minecraft:time_since_death":5656,"minecraft:total_world_time":5656,"minecraft:talked_to_villager":1,"minecraft:fall_one_cm":4216,"minecraft:interact_with_crafting_table":1,"minecraft:fly_one_cm":24014},"minecraft:picked_up":{"aether:diamond_gloves":1,"minecraft:crafting_table":1,"minecraft:diamond_chestplate":1,"minecraft:diamond_leggings":1,"minecraft:diamond_sword":1,"minecraft:diamond_boots":1,"minecraft:hay_block":4,"minecraft:oak_log":2,"minecraft:diamond_helmet":1,"minecraft:diamond_pickaxe":1}},"DataVersion":3465}