{"stats":{"minecraft:killed":{"minecraft:pig":4,"minecraft:skeleton":1,"minecraft:zombie":3},"minecraft:crafted":{"minecraft:oak_planks":60,"minecraft:cooked_porkchop":15,"minecraft:crafting_table":5,"minecraft:wooden_pickaxe":1,"minecraft:furnace":1,"minecraft:bucket":1,"minecraft:stone_axe":1,"minecraft:bread":60,"minecraft:air":0,"minecraft:oak_boat":2,"minecraft:iron_chestplate":1,"iceandfire:armor_silver_metal_leggings":1,"minecraft:shield":1,"minecraft:stick":8,"minecraft:iron_ingot":2,"minecraft:stone_pickaxe":1,"iceandfire:armor_silver_metal_boots":1,"minecraft:stone_hoe":1,"minecraft:wheat":180},"minecraft:mined":{"minecraft:oak_slab":1,"minecraft:light_gray_carpet":3,"minecraft:white_bed":1,"minecraft:red_bed":1,"minecraft:oak_door":1,"minecraft:dandelion":1,"minecraft:oak_fence":2,"minecraft:crafting_table":5,"minecraft:grass_block":5,"minecraft:stone_brick_wall":1,"minecraft:oak_planks":6,"minecraft:wall_torch":1,"minecraft:hay_block":20,"minecraft:furnace":1,"minecraft:redstone_torch":1,"minecraft:iron_ore":2,"dynamictrees:cherry_leaves":1,"minecraft:white_carpet":9,"minecraft:grass":1,"minecraft:oak_log":15,"minecraft:dirt_path":4,"minecraft:dirt":10,"minecraft:stone":43,"minecraft:mossy_stone_bricks":1},"minecraft:custom":{"minecraft:interact_with_furnace":12,"minecraft:mob_kills":8,"minecraft:interact_with_crafting_table":19,"minecraft:leave_game":1,"minecraft:time_since_death":34312,"minecraft:time_since_rest":34021,"minecraft:sprint_one_cm":69363,"minecraft:damage_taken":846,"minecraft:walk_one_cm":55419,"minecraft:drop":5,"minecraft:damage_dealt":1198,"minecraft:swim_one_cm":30375,"minecraft:talked_to_villager":2,"minecraft:fly_one_cm":109164,"minecraft:open_chest":4,"minecraft:play_time":40576,"minecraft:crouch_one_cm":8027,"minecraft:sneak_time":3913,"tombstone:undead_killed":4,"minecraft:deaths":1,"minecraft:walk_under_water_one_cm":9672,"minecraft:boat_one_cm":324366,"minecraft:jump":552,"minecraft:walk_on_water_one_cm":6714,"minecraft:total_world_time":40576,"minecraft:fall_one_cm":16824},"minecraft:picked_up":{"minecraft:crafting_table":5,"minecraft:iron_chestplate":1,"dynamictrees:spruce_seed":3,"minecraft:diamond_sword":1,"minecraft:stone_brick_wall":1,"minecraft:oak_log":15,"minecraft:dirt":17,"minecraft:string":2,"minecraft:red_bed":1,"aether:diamond_gloves":1,"minecraft:white_carpet":9,"minecraft:bone":4,"minecraft:diamond_leggings":1,"minecraft:iron_ingot":12,"iceandfire:armor_silver_metal_leggings":1,"minecraft:oak_boat":5,"minecraft:redstone_torch":1,"minecraft:diamond_helmet":1,"minecraft:iron_sword":1,"minecraft:oak_planks":43,"minecraft:furnace":1,"minecraft:oak_slab":1,"minecraft:stick":9,"minecraft:raw_iron":2,"minecraft:oak_door":1,"minecraft:oak_fence":2,"minecraft:torch":1,"minecraft:dandelion":1,"minecraft:porkchop":15,"minecraft:white_bed":1,"minecraft:spruce_log":10,"iceandfire:armor_silver_metal_boots":1,"iceandfire:silver_ingot":24,"minecraft:arrow":1,"minecraft:rotten_flesh":5,"minecraft:diamond_chestplate":1,"minecraft:diamond_boots":1,"minecraft:iron_helmet":1,"minecraft:hay_block":20,"minecraft:light_gray_carpet":3,"minecraft:cobblestone":47,"minecraft:diamond_pickaxe":1},"minecraft:killed_by":{"minecraft:player":1},"minecraft:dropped":{"minecraft:bread":1,"minecraft:iron_helmet":1,"iceandfire:armor_silver_metal_boots":1,"minecraft:iron_chestplate":1,"iceandfire:armor_silver_metal_leggings":1},"minecraft:used":{"minecraft:stone_pickaxe":47,"minecraft:wooden_pickaxe":16,"minecraft:iron_sword":22,"minecraft:stone_hoe":15,"minecraft:oak_slab":1,"minecraft:crafting_table":8,"minecraft:bread":5,"minecraft:diamond_sword":6,"minecraft:stone_axe":28,"minecraft:cobblestone":1,"minecraft:furnace":2,"minecraft:cooked_porkchop":3,"minecraft:bucket":1,"minecraft:oak_boat":6}},"DataVersion":3465}