{"stats":{"minecraft:dropped":{"minecraft:iron_helmet":1,"iceandfire:armor_silver_metal_boots":1,"iceandfire:armor_silver_metal_leggings":1,"minecraft:iron_chestplate":1},"minecraft:used":{"minecraft:stone_pickaxe":14,"minecraft:wooden_pickaxe":16,"minecraft:iron_sword":8,"minecraft:stone_hoe":15,"minecraft:oak_slab":1,"minecraft:crafting_table":5,"minecraft:bread":2,"minecraft:stone_axe":19,"minecraft:diamond_sword":6,"minecraft:furnace":1},"minecraft:killed":{"minecraft:pig":4},"minecraft:crafted":{"minecraft:oak_planks":60,"minecraft:cooked_porkchop":15,"minecraft:crafting_table":2,"minecraft:wooden_pickaxe":1,"minecraft:furnace":1,"minecraft:stone_axe":1,"minecraft:bread":60,"minecraft:air":0,"minecraft:stick":8,"minecraft:stone_pickaxe":1,"minecraft:stone_hoe":1,"minecraft:wheat":180},"minecraft:killed_by":{"minecraft:player":1},"minecraft:mined":{"minecraft:oak_slab":1,"minecraft:light_gray_carpet":3,"minecraft:red_bed":1,"minecraft:oak_door":1,"minecraft:dandelion":1,"minecraft:oak_fence":2,"minecraft:crafting_table":5,"minecraft:stone_brick_wall":1,"minecraft:oak_planks":6,"minecraft:wall_torch":1,"minecraft:hay_block":20,"minecraft:furnace":1,"minecraft:redstone_torch":1,"minecraft:white_carpet":9,"dynamictrees:cherry_leaves":1,"minecraft:grass":1,"minecraft:oak_log":15,"minecraft:dirt_path":4,"minecraft:dirt":3,"minecraft:stone":16,"minecraft:mossy_stone_bricks":1},"minecraft:custom":{"minecraft:interact_with_furnace":8,"minecraft:mob_kills":4,"minecraft:interact_with_crafting_table":13,"minecraft:time_since_death":11392,"minecraft:time_since_rest":11101,"minecraft:sprint_one_cm":32250,"minecraft:damage_taken":641,"minecraft:walk_one_cm":40050,"minecraft:drop":4,"minecraft:damage_dealt":407,"minecraft:swim_one_cm":4468,"minecraft:talked_to_villager":2,"minecraft:fly_one_cm":43241,"minecraft:open_chest":4,"minecraft:crouch_one_cm":5608,"minecraft:play_time":17656,"minecraft:deaths":1,"minecraft:sneak_time":2651,"minecraft:walk_under_water_one_cm":313,"minecraft:jump":273,"minecraft:walk_on_water_one_cm":222,"minecraft:total_world_time":17656,"minecraft:fall_one_cm":11400},"minecraft:picked_up":{"minecraft:crafting_table":5,"minecraft:iron_chestplate":1,"minecraft:diamond_sword":1,"minecraft:stone_brick_wall":1,"minecraft:oak_log":15,"minecraft:dirt":4,"minecraft:red_bed":1,"aether:diamond_gloves":1,"minecraft:white_carpet":9,"minecraft:diamond_leggings":1,"iceandfire:armor_silver_metal_leggings":1,"minecraft:redstone_torch":1,"minecraft:diamond_helmet":1,"minecraft:iron_sword":1,"minecraft:oak_planks":43,"minecraft:furnace":1,"minecraft:oak_slab":1,"minecraft:stick":4,"minecraft:oak_door":1,"minecraft:oak_fence":2,"minecraft:torch":1,"minecraft:dandelion":1,"minecraft:porkchop":15,"iceandfire:armor_silver_metal_boots":1,"minecraft:diamond_chestplate":1,"minecraft:hay_block":20,"minecraft:diamond_boots":1,"minecraft:iron_helmet":1,"minecraft:light_gray_carpet":3,"minecraft:cobblestone":16,"minecraft:diamond_pickaxe":1}},"DataVersion":3465}