{"stats":{"minecraft:killed_by":{"minecraft:player":1},"minecraft:killed":{"alexsmobs:lobster":2,"minecraft:spider":7,"alexsmobs:tasmanian_devil":2,"alexsmobs:seagull":1,"alexsmobs:froststalker":1,"creeperoverhaul:snowy_creeper":2,"minecraft:skeleton":8,"minecraft:chicken":6,"alexsmobs:bison":1,"minecraft:pig":7,"minecraft:sheep":2,"minecraft:pillager":2,"minecraft:zombie":14,"iceandfire:ghost":1,"minecraft:stray":2,"minecraft:villager":2,"minecraft:enderman":1,"iceandfire:sea_serpent":2},"minecraft:mined":{"minecraft:white_bed":1,"minecraft:mossy_cobblestone":6,"minecraft:oak_door":1,"minecraft:dark_oak_log":1,"minecraft:stone_brick_wall":1,"minecraft:spruce_fence":1,"minecraft:grass_block":15,"iceandfire:frozen_grass":1,"minecraft:white_concrete":2,"travelersbackpack:white_sleeping_bag":1,"iceandfire:chared_dirt":1,"minecraft:kelp":4,"minecraft:tall_seagrass":3,"minecraft:hay_block":20,"minecraft:furnace":1,"minecraft:iron_ore":2,"dynamictrees:cherry_leaves":1,"iceandfire:chared_gravel":1,"minecraft:bookshelf":10,"minecraft:dirt_path":4,"iceandfire:gold_pile":11,"iceandfire:frost_lily":1,"minecraft:stone":44,"minecraft:smithing_table":1,"minecraft:oak_slab":1,"minecraft:light_gray_carpet":6,"minecraft:glass_pane":1,"minecraft:red_bed":2,"minecraft:kelp_plant":6,"minecraft:dandelion":2,"minecraft:powder_snow":1,"minecraft:oak_fence":3,"iceandfire:dragon_ice_spikes":12,"minecraft:crafting_table":13,"minecraft:poppy":1,"iceandfire:frozen_dirt":2,"minecraft:tall_grass":2,"minecraft:cobblestone":4,"minecraft:oak_planks":6,"minecraft:sugar_cane":9,"minecraft:wall_torch":1,"farmersdelight:wild_beetroots":2,"minecraft:pink_petals":8,"minecraft:seagrass":7,"minecraft:redstone_torch":1,"minecraft:ice":1,"minecraft:white_carpet":10,"dynamictrees:birch_leaves":1,"minecraft:grass":37,"minecraft:coal_ore":10,"minecraft:oak_log":15,"iceandfire:silver_pile":16,"minecraft:dirt":20,"minecraft:mossy_stone_bricks":2,"minecraft:fern":1,"paraglider:goddess_statue":1},"minecraft:broken":{"minecraft:shield":1},"minecraft:dropped":{"minecraft:stone_hoe":2,"minecraft:bread":20,"minecraft:iron_sword":1,"minecraft:wheat_seeds":6,"minecraft:mossy_cobblestone":1,"minecraft:crafting_table":1,"minecraft:feather":1,"minecraft:cooked_porkchop":4,"minecraft:cobblestone":2,"minecraft:crossbow":1,"minecraft:iron_helmet":1,"iceandfire:chared_dirt":13,"iceandfire:ice_dragon_flesh":1,"minecraft:leather":2,"iceandfire:sea_serpent_scales_green":1,"minecraft:dirt":12,"minecraft:ink_sac":7,"iceandfire:armor_silver_metal_leggings":2,"minecraft:white_concrete":2,"tombstone:grave_dust":8,"minecraft:iron_leggings":2,"iceandfire:armor_silver_metal_helmet":1,"minecraft:paper":10,"paraglider:paraglider":2,"minecraft:string":2,"minecraft:bucket":1,"minecraft:spruce_sapling":1,"minecraft:dandelion":2,"iceandfire:dragonbone":2,"minecraft:bone":9,"minecraft:kelp":10,"minecraft:sugar_cane":17,"dynamictrees:oak_seed":24,"paraglider:goddess_statue":1,"minecraft:rotten_flesh":13,"minecraft:oak_planks":2,"minecraft:light_gray_carpet":1,"alexsmobs:froststalker_horn":1,"minecraft:poppy":3,"minecraft:rabbit_hide":2,"minecraft:potato":7,"iceandfire:armor_silver_metal_boots":2,"travelersbackpack:white_sleeping_bag":1,"minecraft:spruce_planks":7,"minecraft:iron_chestplate":2,"farmersdelight:rope":9,"minecraft:spider_eye":1,"minecraft:wooden_pickaxe":3},"minecraft:custom":{"minecraft:mob_kills":64,"minecraft:interact_with_crafting_table":57,"minecraft:open_barrel":8,"minecraft:leave_game":8,"minecraft:time_since_death":20073,"minecraft:sprint_one_cm":407670,"minecraft:walk_one_cm":356985,"minecraft:damage_blocked_by_shield":630,"minecraft:drop":76,"minecraft:talked_to_villager":2,"minecraft:play_time":225054,"minecraft:sneak_time":7845,"minecraft:deaths":5,"minecraft:walk_under_water_one_cm":83509,"minecraft:boat_one_cm":759373,"minecraft:jump":3642,"minecraft:enchant_item":2,"minecraft:walk_on_water_one_cm":82709,"minecraft:total_world_time":225054,"minecraft:interact_with_furnace":18,"tombstone:raider_killed":2,"minecraft:time_since_rest":19382,"minecraft:damage_taken":7063,"tombstone:sneak_grave":1,"minecraft:damage_dealt":14422,"minecraft:swim_one_cm":120727,"minecraft:fly_one_cm":807071,"minecraft:open_chest":38,"minecraft:crouch_one_cm":16950,"tombstone:undead_killed":25,"tombstone:villager_killed":2,"minecraft:interact_with_smoker":1,"minecraft:fall_one_cm":71884},"minecraft:used":{"minecraft:enchanting_table":1,"securitycraft:keypad_chest":1,"minecraft:light_gray_carpet":2,"iceandfire:tide_teal_chestplate":1,"minecraft:shield":93,"minecraft:cooked_chicken":6,"minecraft:iron_sword":207,"minecraft:stone_hoe":15,"minecraft:iron_chestplate":1,"minecraft:dirt":12,"minecraft:white_carpet":1,"minecraft:spruce_boat":3,"alexsmobs:lobster_tail":1,"minecraft:furnace":2,"farmersdelight:cooked_mutton_chops":3,"minecraft:cooked_mutton":3,"minecraft:water_bucket":1,"iceandfire:tide_blue_helmet":1,"iceandfire:armor_blue_helmet":1,"minecraft:stone_pickaxe":75,"minecraft:wooden_pickaxe":16,"iceandfire:frozen_dirt":2,"minecraft:oak_slab":1,"minecraft:crafting_table":23,"minecraft:crossbow":6,"minecraft:white_bed":1,"iceandfire:silver_axe":191,"iceandfire:silver_pickaxe":52,"minecraft:bread":79,"travelersbackpack:white_sleeping_bag":1,"farmersdelight:ham":1,"minecraft:stone_axe":37,"minecraft:diamond_sword":6,"minecraft:cobblestone":1,"minecraft:porkchop":5,"minecraft:cooked_porkchop":9,"minecraft:bucket":3,"minecraft:oak_boat":7},"minecraft:crafted":{"minecraft:oak_planks":248,"iceandfire:armor_blue_helmet":1,"minecraft:cooked_chicken":6,"minecraft:furnace":1,"iceandfire:tide_teal_chestplate":1,"minecraft:bookshelf":25,"minecraft:cooked_mutton":3,"iceandfire:tide_green_leggings":1,"travelersbackpack:white_sleeping_bag":1,"minecraft:iron_boots":1,"iceandfire:armor_silver_chestplate":1,"iceandfire:armor_silver_metal_leggings":1,"tombstone:grave_key":1,"minecraft:stone_pickaxe":1,"minecraft:spruce_boat":1,"iceandfire:armor_silver_metal_boots":1,"minecraft:stone_hoe":1,"minecraft:wheat":180,"iceandfire:silver_axe":1,"paraglider:paraglider":3,"iceandfire:tide_blue_boots":1,"farmersdelight:cooked_mutton_chops":3,"minecraft:cooked_porkchop":15,"minecraft:crafting_table":13,"minecraft:spruce_planks":40,"minecraft:wooden_pickaxe":1,"minecraft:iron_helmet":1,"minecraft:bucket":1,"minecraft:stone_axe":1,"minecraft:bread":60,"minecraft:air":0,"minecraft:oak_boat":3,"iceandfire:armor_silver_metal_helmet":1,"iceandfire:tide_blue_helmet":1,"minecraft:iron_chestplate":2,"minecraft:shield":2,"minecraft:stick":20,"minecraft:iron_ingot":2,"minecraft:iron_leggings":1,"iceandfire:silver_pickaxe":1},"minecraft:picked_up":{"minecraft:iron_chestplate":1,"minecraft:crafting_table":13,"minecraft:chicken":6,"minecraft:smithing_table":1,"dynamictrees:spruce_seed":3,"minecraft:diamond_sword":1,"minecraft:wooden_pickaxe":2,"minecraft:stone_brick_wall":1,"alexsmobs:froststalker_horn":1,"iceandfire:sea_serpent_scales_blue":9,"iceandfire:frozen_grass":1,"paraglider:goddess_statue":1,"minecraft:string":4,"minecraft:red_bed":1,"iceandfire:sea_serpent_scales_teal":11,"minecraft:iron_axe":1,"aether:diamond_gloves":1,"minecraft:iron_leggings":1,"minecraft:white_carpet":10,"minecraft:diamond_leggings":1,"minecraft:gold_nugget":108,"minecraft:bucket":1,"iceandfire:frost_lily":1,"iceandfire:armor_silver_metal_leggings":1,"minecraft:oak_boat":5,"minecraft:redstone_torch":1,"dynamictrees:oak_seed":39,"minecraft:poppy":4,"minecraft:sugar_cane":24,"minecraft:furnace":1,"minecraft:egg":2,"minecraft:tipped_arrow":1,"minecraft:stick":50,"minecraft:raw_iron":2,"iceandfire:dragonbone":14,"minecraft:oak_door":1,"farmersdelight:minced_beef":2,"minecraft:oak_fence":2,"minecraft:torch":1,"minecraft:porkchop":20,"tombstone:grave_dust":8,"iceandfire:dragon_skull_ice":1,"iceandfire:armor_silver_metal_boots":1,"iceandfire:silver_ingot":24,"minecraft:arrow":6,"minecraft:rotten_flesh":18,"minecraft:diamond_chestplate":1,"iceandfire:dragonscales_silver":8,"iceandfire:chared_dirt":13,"minecraft:diamond_boots":1,"minecraft:hay_block":20,"farmersdelight:rope":9,"minecraft:saddle":2,"tombstone:essence_of_undeath":2,"alexsmobs:lobster_tail":1,"minecraft:mutton":1,"minecraft:white_wool":6,"minecraft:cobblestone":52,"minecraft:enchanting_table":2,"minecraft:pink_petals":14,"minecraft:feather":3,"iceandfire:sea_serpent_fang":13,"minecraft:leather":11,"minecraft:oak_log":62,"iceandfire:ectoplasm":2,"securitycraft:keypad_chest":1,"iceandfire:dragonscales_blue":10,"minecraft:lapis_lazuli":30,"minecraft:dirt":36,"minecraft:paper":5,"minecraft:bone":13,"minecraft:kelp":52,"minecraft:wheat_seeds":8,"minecraft:rabbit_hide":2,"minecraft:iron_ingot":74,"minecraft:diamond_helmet":1,"iceandfire:sea_serpent_scales_deepblue":3,"minecraft:iron_sword":2,"minecraft:stone_hoe":2,"minecraft:oak_planks":43,"minecraft:book":280,"minecraft:oak_slab":1,"iceandfire:sea_serpent_scales_green":8,"minecraft:dandelion":2,"minecraft:spruce_sapling":1,"minecraft:ink_sac":7,"minecraft:white_bed":1,"minecraft:spruce_log":10,"iceandfire:frozen_dirt":2,"minecraft:dark_oak_log":1,"minecraft:spider_eye":1,"minecraft:mossy_cobblestone":1,"travelersbackpack:white_sleeping_bag":1,"minecraft:spruce_boat":2,"minecraft:iron_helmet":1,"minecraft:crossbow":1,"minecraft:white_concrete":2,"iceandfire:ice_dragon_flesh":2,"minecraft:bread":21,"minecraft:light_gray_carpet":6,"iceandfire:silver_nugget":154,"minecraft:coal":6,"minecraft:diamond_pickaxe":1,"minecraft:ender_pearl":1}},"DataVersion":3465}